[2026-03-16 12:00:21] 模型列表已刷新（默认优先best）
[2026-03-16 12:01:03] 模型列表已刷新（默认优先best）
[2026-03-16 12:06:28] [INFO] 模型列表刷新完成（默认best策略已应用）
[2026-03-16 12:08:42] [INFO] 模型列表刷新完成（默认best策略已应用）
[2026-03-16 12:08:47] [INFO] 启动命令: B:\ultralytics\.venv310\Scripts\python.exe B:\ultralytics\ProjectOptimization\scripts\env\check_env.py
[2026-03-16 12:08:47] [INFO] [INFO] Python: 3.10.11 | exe: B:\ultralytics\.venv310\Scripts\python.exe
[2026-03-16 12:08:49] [INFO] WARNING ⚠️ Ultralytics settings reset to default values. This may be due to a possible problem with your settings or a recent ultralytics package update. 
[2026-03-16 12:08:49] [INFO] View Ultralytics Settings with 'yolo settings' or at 'C:\Users\YiLanQiu\AppData\Roaming\Ultralytics\settings.json'
[2026-03-16 12:08:49] [INFO] Update Settings with 'yolo settings key=value', i.e. 'yolo settings runs_dir=path/to/dir'. For help see https://docs.ultralytics.com/quickstart/#ultralytics-settings.
[2026-03-16 12:08:50] [INFO] [INFO] Torch: 2.4.1+cu121
[2026-03-16 12:08:50] [INFO] [INFO] CUDA available: True
[2026-03-16 12:08:50] [INFO] [INFO] GPU: NVIDIA GeForce RTX 4060 Laptop GPU
[2026-03-16 12:08:50] [INFO] [OK] Environment check passed.
[2026-03-16 12:08:50] [INFO] [0m
[2026-03-16 12:08:50] [INFO] 任务结束: env
[2026-03-16 18:06:05] [INFO] 模型列表刷新完成（默认best策略已应用）
[2026-03-16 18:06:05] [ERROR] 检测到17/18关键点不一致，请先修正后再训练。
[2026-03-16 18:31:56] [INFO] 模型列表刷新完成（默认best策略已应用）
[2026-03-16 18:32:57] [INFO] 模型列表刷新完成（默认best策略已应用）
[2026-03-16 18:33:46] [INFO] 模型列表刷新完成（默认best策略已应用）
[2026-03-16 18:35:18] [INFO] 模型列表刷新完成（默认best策略已应用）
[2026-03-16 18:42:10] [INFO] 模型列表刷新完成（默认best策略已应用）
[2026-03-16 18:47:31] [INFO] 模型列表刷新完成（精简模式，默认best策略）
[2026-03-16 18:47:31] [INFO] 模型列表刷新完成（完整模式，默认best策略）
[2026-03-16 18:47:31] [INFO] 模型列表刷新完成（完整模式，默认best策略）
[2026-03-16 18:55:24] [INFO] 模型列表刷新完成（精简模式，默认best策略）
[2026-03-16 18:59:48] [INFO] 模型列表刷新完成（精简模式，默认best策略）
[2026-03-16 19:00:10] [INFO] 模型列表刷新完成（精简模式，默认best策略）
[2026-03-16 19:00:10] [INFO] 推理布局自动推断为: yolopose
[2026-03-16 19:00:10] [INFO] 模型加载失败: Error(s) in loading state_dict for Model:
	size mismatch for fcn.weight: copying a param with shape torch.Size([4, 256, 1, 1]) from checkpoint, the shape in current model is torch.Size([10, 256, 1, 1]).
	size mismatch for fcn.bias: copying a param with shape torch.Size([4]) from checkpoint, the shape in current model is torch.Size([10]).
[2026-03-16 19:01:16] [INFO] 模型列表刷新完成（精简模式，默认best策略）
[2026-03-16 19:01:16] [INFO] 推理布局自动推断为: yolopose
[2026-03-16 19:01:16] [INFO] 模型加载失败: Error(s) in loading state_dict for Model:
	size mismatch for fcn.weight: copying a param with shape torch.Size([4, 256, 1, 1]) from checkpoint, the shape in current model is torch.Size([10, 256, 1, 1]).
	size mismatch for fcn.bias: copying a param with shape torch.Size([4]) from checkpoint, the shape in current model is torch.Size([10]).
[2026-03-16 19:02:17] [INFO] 模型列表刷新完成（精简模式，默认best策略）
[2026-03-16 19:02:17] [INFO] 推理布局自动推断为: yolopose
[2026-03-16 19:02:17] [INFO] 推理类别数自动推断为: 4
[2026-03-16 19:02:17] [INFO] 内嵌推理启动，视频: B:\ultralytics\ProjectOptimization\src\ultralytics-main\dataset\GCNData\BaseballPitch\v_BaseballPitch_g04_c01.avi
[2026-03-16 19:02:24] [INFO] 用户手动停止推理。
[2026-03-16 19:13:21] [INFO] 模型列表刷新完成（精简模式，默认best策略）
[2026-03-16 19:19:37] [INFO] 模型列表刷新完成（精简模式，默认best策略）
[2026-03-16 19:23:06] [INFO] 模型列表刷新完成（精简模式，默认best策略）
[2026-03-16 19:23:44] [INFO] 推理布局自动推断为: yolopose
[2026-03-16 19:23:44] [INFO] 推理类别数自动推断为: 4
[2026-03-16 19:23:44] [INFO] 内嵌推理启动，视频: B:\ultralytics\ProjectOptimization\src\ultralytics-main\dataset\GCNData\BaseballPitch\v_BaseballPitch_g04_c01.avi
[2026-03-16 19:28:30] [INFO] 模型列表刷新完成（精简模式，默认best策略）
[2026-03-16 19:35:14] [INFO] 推理布局自动推断为: yolopose
[2026-03-16 19:35:14] [INFO] 推理类别数自动推断为: 4
[2026-03-16 19:35:14] [INFO] 内嵌推理启动，视频: B:\ultralytics\ProjectOptimization\src\ultralytics-main\dataset\GCNData\BaseballPitch\v_BaseballPitch_g04_c01.avi
[2026-03-16 19:40:47] [INFO] 模型列表刷新完成（精简模式，默认best策略）
[2026-03-16 19:45:45] [INFO] 推理布局自动推断为: yolopose
[2026-03-16 19:45:45] [INFO] 推理类别数自动推断为: 4
[2026-03-16 19:45:45] [INFO] 内嵌推理启动，视频: B:\ultralytics\ProjectOptimization\src\ultralytics-main\dataset\GCNData\BaseballPitch\v_BaseballPitch_g04_c01.avi
[2026-03-16 19:47:55] [INFO] 模型列表刷新完成（精简模式，默认best策略）
[2026-03-16 19:48:20] [INFO] 推理布局自动推断为: yolopose
[2026-03-16 19:48:21] [INFO] 推理类别数自动推断为: 4
[2026-03-16 19:48:21] [INFO] 内嵌推理启动，视频: B:\ultralytics\ProjectOptimization\src\ultralytics-main\dataset\GCNData\BaseballPitch\v_BaseballPitch_g04_c01.avi
[2026-03-16 19:53:06] [INFO] 模型列表刷新完成（精简模式，默认best策略）
[2026-03-16 19:53:21] [INFO] 模型列表刷新完成（精简模式，默认best策略）
[2026-03-16 19:53:44] [INFO] 模型列表刷新完成（精简模式，默认best策略）
[2026-03-16 20:02:35] [INFO] 模型列表刷新完成（精简模式，默认best策略）
[2026-03-16 20:02:38] [INFO] 启动命令: B:\ultralytics\.venv310\Scripts\python.exe B:\ultralytics\ProjectOptimization\scripts\env\check_env.py
[2026-03-16 20:02:38] [INFO] [INFO] Python: 3.10.11 | exe: B:\ultralytics\.venv310\Scripts\python.exe
[2026-03-16 20:02:40] [INFO] WARNING ⚠️ Ultralytics settings reset to default values. This may be due to a possible problem with your settings or a recent ultralytics package update. 
[2026-03-16 20:02:40] [INFO] View Ultralytics Settings with 'yolo settings' or at 'C:\Users\YiLanQiu\AppData\Roaming\Ultralytics\settings.json'
[2026-03-16 20:02:40] [INFO] Update Settings with 'yolo settings key=value', i.e. 'yolo settings runs_dir=path/to/dir'. For help see https://docs.ultralytics.com/quickstart/#ultralytics-settings.
[2026-03-16 20:02:41] [INFO] [INFO] Torch: 2.4.1+cu121
[2026-03-16 20:02:41] [INFO] [INFO] CUDA available: True
[2026-03-16 20:02:41] [INFO] [INFO] GPU: NVIDIA GeForce RTX 4060 Laptop GPU
[2026-03-16 20:02:41] [INFO] [OK] Environment check passed.
[2026-03-16 20:02:41] [INFO] [0m
[2026-03-16 20:02:42] [INFO] 任务结束: env
[2026-03-16 20:03:17] [INFO] 启动命令: B:\ultralytics\.venv310\Scripts\python.exe B:\ultralytics\ProjectOptimization\scripts\env\check_env.py
[2026-03-16 20:03:18] [INFO] [INFO] Python: 3.10.11 | exe: B:\ultralytics\.venv310\Scripts\python.exe
[2026-03-16 20:03:20] [INFO] [INFO] Torch: 2.4.1+cu121
[2026-03-16 20:03:20] [INFO] [INFO] CUDA available: True
[2026-03-16 20:03:20] [INFO] [INFO] GPU: NVIDIA GeForce RTX 4060 Laptop GPU
[2026-03-16 20:03:20] [INFO] [OK] Environment check passed.
[2026-03-16 20:03:20] [INFO] [0m
[2026-03-16 20:03:21] [INFO] 任务结束: env
[2026-03-16 20:03:33] [INFO] 启动命令: B:\ultralytics\.venv310\Scripts\python.exe B:\ultralytics\ProjectOptimization\scripts\env\check_env.py
[2026-03-16 20:03:33] [INFO] [INFO] Python: 3.10.11 | exe: B:\ultralytics\.venv310\Scripts\python.exe
[2026-03-16 20:03:36] [INFO] [INFO] Torch: 2.4.1+cu121
[2026-03-16 20:03:36] [INFO] [INFO] CUDA available: True
[2026-03-16 20:03:36] [INFO] [INFO] GPU: NVIDIA GeForce RTX 4060 Laptop GPU
[2026-03-16 20:03:36] [INFO] [OK] Environment check passed.
[2026-03-16 20:03:36] [INFO] [0m
[2026-03-16 20:03:36] [INFO] 任务结束: env
[2026-03-16 20:03:43] [INFO] 启动命令: B:\ultralytics\.venv310\Scripts\python.exe B:\ultralytics\ProjectOptimization\scripts\env\check_env.py --fix --prefer-gpu
[2026-03-16 20:03:44] [INFO] [INFO] Python: 3.10.11 | exe: B:\ultralytics\.venv310\Scripts\python.exe
[2026-03-16 20:03:46] [INFO] [INFO] Torch: 2.4.1+cu121
[2026-03-16 20:03:46] [INFO] [INFO] CUDA available: True
[2026-03-16 20:03:46] [INFO] [INFO] GPU: NVIDIA GeForce RTX 4060 Laptop GPU
[2026-03-16 20:03:46] [INFO] [OK] Environment check passed.
[2026-03-16 20:03:46] [INFO] [0m
[2026-03-16 20:03:46] [INFO] 任务结束: env
[2026-03-16 20:05:03] [INFO] 模型列表刷新完成（精简模式，默认best策略）
[2026-03-16 20:05:06] [INFO] 启动命令: B:\ultralytics\.venv310\Scripts\python.exe B:\ultralytics\ProjectOptimization\scripts\env\check_env.py
[2026-03-16 20:05:07] [INFO] [INFO] Python: 3.10.11 | exe: B:\ultralytics\.venv310\Scripts\python.exe
[2026-03-16 20:05:08] [INFO] WARNING ⚠️ Ultralytics settings reset to default values. This may be due to a possible problem with your settings or a recent ultralytics package update. 
[2026-03-16 20:05:08] [INFO] View Ultralytics Settings with 'yolo settings' or at 'C:\Users\YiLanQiu\AppData\Roaming\Ultralytics\settings.json'
[2026-03-16 20:05:08] [INFO] Update Settings with 'yolo settings key=value', i.e. 'yolo settings runs_dir=path/to/dir'. For help see https://docs.ultralytics.com/quickstart/#ultralytics-settings.
[2026-03-16 20:05:09] [INFO] [INFO] Torch: 2.4.1+cu121
[2026-03-16 20:05:09] [INFO] [INFO] CUDA available: True
[2026-03-16 20:05:09] [INFO] [INFO] GPU: NVIDIA GeForce RTX 4060 Laptop GPU
[2026-03-16 20:05:09] [INFO] [OK] Environment check passed.
[2026-03-16 20:05:09] [INFO] [0m
[2026-03-16 20:05:09] [INFO] 任务结束: env
[2026-03-16 20:12:25] [INFO] 模型列表刷新完成（精简模式，默认best策略）
[2026-03-16 20:13:27] [INFO] 启动命令: B:\ultralytics\.venv310\Scripts\python.exe B:\ultralytics\ProjectOptimization\scripts\env\check_env.py
[2026-03-16 20:13:27] [INFO] [INFO] Python: 3.10.11 | exe: B:\ultralytics\.venv310\Scripts\python.exe
[2026-03-16 20:13:31] [INFO] WARNING ⚠️ Ultralytics settings reset to default values. This may be due to a possible problem with your settings or a recent ultralytics package update. 
[2026-03-16 20:13:31] [INFO] View Ultralytics Settings with 'yolo settings' or at 'C:\Users\YiLanQiu\AppData\Roaming\Ultralytics\settings.json'
[2026-03-16 20:13:31] [INFO] Update Settings with 'yolo settings key=value', i.e. 'yolo settings runs_dir=path/to/dir'. For help see https://docs.ultralytics.com/quickstart/#ultralytics-settings.
[2026-03-16 20:13:32] [INFO] [INFO] Torch: 2.4.1+cu121
[2026-03-16 20:13:32] [INFO] [INFO] CUDA available: True
[2026-03-16 20:13:32] [INFO] [INFO] GPU: NVIDIA GeForce RTX 4060 Laptop GPU
[2026-03-16 20:13:32] [INFO] [OK] Environment check passed.
[2026-03-16 20:13:32] [INFO] [0m
[2026-03-16 20:13:32] [INFO] 任务结束: env
[2026-03-16 20:14:56] [INFO] 启动命令: B:\ultralytics\.venv310\Scripts\python.exe B:\ultralytics\ProjectOptimization\scripts\train\train_stgcn_pretrain.py --config B:\ultralytics\ProjectOptimization\configs\train\train_stgcn_out3.yaml --weights B:\ultralytics\ProjectOptimization\models\stgcn\pretrained\st_gcn.kinetics.pt --layout yolopose
[2026-03-16 20:14:56] [INFO] [ERROR] 配置检查失败: 关键点数不匹配: 数据V=18, layout=yolopose期望V=17。如需17点请先准备V=17数据，或选择openpose。
[2026-03-16 20:14:56] [INFO] 任务结束: train
[2026-03-16 20:15:02] [INFO] 启动命令: B:\ultralytics\.venv310\Scripts\python.exe B:\ultralytics\ProjectOptimization\scripts\train\train_stgcn_pretrain.py --config B:\ultralytics\ProjectOptimization\configs\train\train_stgcn_out3.yaml --weights B:\ultralytics\ProjectOptimization\models\stgcn\pretrained\st_gcn.kinetics.pt --layout yolopose
[2026-03-16 20:15:03] [INFO] [ERROR] 配置检查失败: 关键点数不匹配: 数据V=18, layout=yolopose期望V=17。如需17点请先准备V=17数据，或选择openpose。
[2026-03-16 20:15:03] [INFO] 任务结束: train
[2026-03-16 20:18:52] [INFO] 模型列表刷新完成（精简模式，默认best策略）
[2026-03-16 20:19:51] [INFO] 启动命令: B:\ultralytics\.venv310\Scripts\python.exe B:\ultralytics\ProjectOptimization\scripts\env\check_env.py
[2026-03-16 20:19:52] [INFO] [INFO] Python: 3.10.11 | exe: B:\ultralytics\.venv310\Scripts\python.exe
[2026-03-16 20:19:53] [INFO] WARNING ⚠️ Ultralytics settings reset to default values. This may be due to a possible problem with your settings or a recent ultralytics package update. 
[2026-03-16 20:19:53] [INFO] View Ultralytics Settings with 'yolo settings' or at 'C:\Users\YiLanQiu\AppData\Roaming\Ultralytics\settings.json'
[2026-03-16 20:19:53] [INFO] Update Settings with 'yolo settings key=value', i.e. 'yolo settings runs_dir=path/to/dir'. For help see https://docs.ultralytics.com/quickstart/#ultralytics-settings.
[2026-03-16 20:19:54] [INFO] [INFO] Torch: 2.4.1+cu121
[2026-03-16 20:19:54] [INFO] [INFO] CUDA available: True
[2026-03-16 20:19:54] [INFO] [INFO] GPU: NVIDIA GeForce RTX 4060 Laptop GPU
[2026-03-16 20:19:54] [INFO] [OK] Environment check passed.
[2026-03-16 20:19:54] [INFO] [0m
[2026-03-16 20:19:54] [INFO] 任务结束: env
[2026-03-16 20:19:57] [INFO] 启动命令: B:\ultralytics\.venv310\Scripts\python.exe B:\ultralytics\ProjectOptimization\scripts\env\check_env.py
[2026-03-16 20:19:57] [INFO] [INFO] Python: 3.10.11 | exe: B:\ultralytics\.venv310\Scripts\python.exe
[2026-03-16 20:19:59] [INFO] [INFO] Torch: 2.4.1+cu121
[2026-03-16 20:19:59] [INFO] [INFO] CUDA available: True
[2026-03-16 20:19:59] [INFO] [INFO] GPU: NVIDIA GeForce RTX 4060 Laptop GPU
[2026-03-16 20:19:59] [INFO] [OK] Environment check passed.
[2026-03-16 20:19:59] [INFO] [0m
[2026-03-16 20:20:06] [INFO] 模型列表刷新完成（精简模式，默认best策略）
[2026-03-16 20:20:25] [INFO] 启动命令: B:\ultralytics\.venv310\Scripts\python.exe B:\ultralytics\ProjectOptimization\scripts\train\train_stgcn_pretrain.py --config B:\ultralytics\ProjectOptimization\configs\train\train_stgcn_out17.yaml --weights B:\ultralytics\ProjectOptimization\models\stgcn\pretrained\st_gcn.kinetics.pt --layout yolopose
[2026-03-16 20:20:26] [INFO] [INFO] 训练layout: yolopose
[2026-03-16 20:20:26] [INFO] [INFO] B:\ultralytics\.venv310\Scripts\python.exe B:\ultralytics\ProjectOptimization\src\ultralytics-main\main.py recognition -c B:\ultralytics\ProjectOptimization\logs\run_logs\_tmp_train_pretrain_1773663626.yaml --weights B:\ultralytics\ProjectOptimization\models\stgcn\pretrained\st_gcn.kinetics.pt --ignore_weights fcn
[2026-03-16 20:20:28] [INFO] [03.16.26|20:20:28] Load weights from B:\ultralytics\ProjectOptimization\models\stgcn\pretrained\st_gcn.kinetics.pt.
[2026-03-16 20:20:28] [ERROR] B:\ultralytics\ProjectOptimization\src\ultralytics-main\torchlight\torchlight\io.py:64: FutureWarning: You are using `torch.load` with `weights_only=False` (the current default value), which uses the default pickle module implicitly. It is possible to construct malicious pickle data which will execute arbitrary code during unpickling (See https://github.com/pytorch/pytorch/blob/main/SECURITY.md#untrusted-models for more details). In a future release, the default value for `weights_only` will be flipped to `True`. This limits the functions that could be executed during unpickling. Arbitrary objects will no longer be allowed to be loaded via this mode unless they are explicitly allowlisted by the user via `torch.serialization.add_safe_globals`. We recommend you start setting `weights_only=True` for any use case where you don't have full control of the loaded file. Please open an issue on GitHub for any issues related to this experimental feature.
[2026-03-16 20:20:28] [ERROR]   weights = torch.load(weights_path)
[2026-03-16 20:20:28] [INFO] [03.16.26|20:20:28] Filter [fcn] remove weights [fcn.weight].
[2026-03-16 20:20:28] [INFO] [03.16.26|20:20:28] Filter [fcn] remove weights [fcn.bias].
[2026-03-16 20:20:28] [INFO] [03.16.26|20:20:28] Load weights [A].
[2026-03-16 20:20:28] [INFO] [03.16.26|20:20:28] Load weights [data_bn.weight].
[2026-03-16 20:20:28] [INFO] [03.16.26|20:20:28] Load weights [data_bn.bias].
[2026-03-16 20:20:28] [INFO] [03.16.26|20:20:28] Load weights [data_bn.running_mean].
[2026-03-16 20:20:28] [INFO] [03.16.26|20:20:28] Load weights [data_bn.running_var].
[2026-03-16 20:20:28] [INFO] [03.16.26|20:20:28] Load weights [data_bn.num_batches_tracked].
[2026-03-16 20:20:28] [INFO] [03.16.26|20:20:28] Load weights [st_gcn_networks.0.gcn.conv.weight].
[2026-03-16 20:20:28] [INFO] [03.16.26|20:20:28] Load weights [st_gcn_networks.0.gcn.conv.bias].
[2026-03-16 20:20:28] [INFO] [03.16.26|20:20:28] Load weights [st_gcn_networks.0.tcn.0.weight].
[2026-03-16 20:20:28] [INFO] [03.16.26|20:20:28] Load weights [st_gcn_networks.0.tcn.0.bias].
[2026-03-16 20:20:28] [INFO] [03.16.26|20:20:28] Load weights [st_gcn_networks.0.tcn.0.running_mean].
[2026-03-16 20:20:28] [INFO] [03.16.26|20:20:28] Load weights [st_gcn_networks.0.tcn.0.running_var].
[2026-03-16 20:20:28] [INFO] [03.16.26|20:20:28] Load weights [st_gcn_networks.0.tcn.0.num_batches_tracked].
[2026-03-16 20:20:28] [INFO] [03.16.26|20:20:28] Load weights [st_gcn_networks.0.tcn.2.weight].
[2026-03-16 20:20:28] [INFO] [03.16.26|20:20:28] Load weights [st_gcn_networks.0.tcn.2.bias].
[2026-03-16 20:20:28] [INFO] [03.16.26|20:20:28] Load weights [st_gcn_networks.0.tcn.3.weight].
[2026-03-16 20:20:28] [INFO] [03.16.26|20:20:28] Load weights [st_gcn_networks.0.tcn.3.bias].
[2026-03-16 20:20:28] [INFO] [03.16.26|20:20:28] Load weights [st_gcn_networks.0.tcn.3.running_mean].
[2026-03-16 20:20:28] [INFO] [03.16.26|20:20:28] Load weights [st_gcn_networks.0.tcn.3.running_var].
[2026-03-16 20:20:28] [INFO] [03.16.26|20:20:28] Load weights [st_gcn_networks.0.tcn.3.num_batches_tracked].
[2026-03-16 20:20:28] [INFO] [03.16.26|20:20:28] Load weights [st_gcn_networks.1.gcn.conv.weight].
[2026-03-16 20:20:28] [INFO] [03.16.26|20:20:28] Load weights [st_gcn_networks.1.gcn.conv.bias].
[2026-03-16 20:20:28] [INFO] [03.16.26|20:20:28] Load weights [st_gcn_networks.1.tcn.0.weight].
[2026-03-16 20:20:28] [INFO] [03.16.26|20:20:28] Load weights [st_gcn_networks.1.tcn.0.bias].
[2026-03-16 20:20:28] [INFO] [03.16.26|20:20:28] Load weights [st_gcn_networks.1.tcn.0.running_mean].
[2026-03-16 20:20:28] [INFO] [03.16.26|20:20:28] Load weights [st_gcn_networks.1.tcn.0.running_var].
[2026-03-16 20:20:28] [INFO] [03.16.26|20:20:28] Load weights [st_gcn_networks.1.tcn.0.num_batches_tracked].
[2026-03-16 20:20:28] [INFO] [03.16.26|20:20:28] Load weights [st_gcn_networks.1.tcn.2.weight].
[2026-03-16 20:20:28] [INFO] [03.16.26|20:20:28] Load weights [st_gcn_networks.1.tcn.2.bias].
[2026-03-16 20:20:28] [INFO] [03.16.26|20:20:28] Load weights [st_gcn_networks.1.tcn.3.weight].
[2026-03-16 20:20:28] [INFO] [03.16.26|20:20:28] Load weights [st_gcn_networks.1.tcn.3.bias].
[2026-03-16 20:20:28] [INFO] [03.16.26|20:20:28] Load weights [st_gcn_networks.1.tcn.3.running_mean].
[2026-03-16 20:20:28] [INFO] [03.16.26|20:20:28] Load weights [st_gcn_networks.1.tcn.3.running_var].
[2026-03-16 20:20:28] [INFO] [03.16.26|20:20:28] Load weights [st_gcn_networks.1.tcn.3.num_batches_tracked].
[2026-03-16 20:20:28] [INFO] [03.16.26|20:20:28] Load weights [st_gcn_networks.2.gcn.conv.weight].
[2026-03-16 20:20:28] [INFO] [03.16.26|20:20:28] Load weights [st_gcn_networks.2.gcn.conv.bias].
[2026-03-16 20:20:28] [INFO] [03.16.26|20:20:28] Load weights [st_gcn_networks.2.tcn.0.weight].
[2026-03-16 20:20:28] [INFO] [03.16.26|20:20:28] Load weights [st_gcn_networks.2.tcn.0.bias].
[2026-03-16 20:20:28] [INFO] [03.16.26|20:20:28] Load weights [st_gcn_networks.2.tcn.0.running_mean].
[2026-03-16 20:20:28] [INFO] [03.16.26|20:20:28] Load weights [st_gcn_networks.2.tcn.0.running_var].
[2026-03-16 20:20:28] [INFO] [03.16.26|20:20:28] Load weights [st_gcn_networks.2.tcn.0.num_batches_tracked].
[2026-03-16 20:20:28] [INFO] [03.16.26|20:20:28] Load weights [st_gcn_networks.2.tcn.2.weight].
[2026-03-16 20:20:28] [INFO] [03.16.26|20:20:28] Load weights [st_gcn_networks.2.tcn.2.bias].
[2026-03-16 20:20:28] [INFO] [03.16.26|20:20:28] Load weights [st_gcn_networks.2.tcn.3.weight].
[2026-03-16 20:20:28] [INFO] [03.16.26|20:20:28] Load weights [st_gcn_networks.2.tcn.3.bias].
[2026-03-16 20:20:28] [INFO] [03.16.26|20:20:28] Load weights [st_gcn_networks.2.tcn.3.running_mean].
[2026-03-16 20:20:28] [INFO] [03.16.26|20:20:28] Load weights [st_gcn_networks.2.tcn.3.running_var].
[2026-03-16 20:20:28] [INFO] [03.16.26|20:20:28] Load weights [st_gcn_networks.2.tcn.3.num_batches_tracked].
[2026-03-16 20:20:28] [INFO] [03.16.26|20:20:28] Load weights [st_gcn_networks.3.gcn.conv.weight].
[2026-03-16 20:20:28] [INFO] [03.16.26|20:20:28] Load weights [st_gcn_networks.3.gcn.conv.bias].
[2026-03-16 20:20:28] [INFO] [03.16.26|20:20:28] Load weights [st_gcn_networks.3.tcn.0.weight].
[2026-03-16 20:20:28] [INFO] [03.16.26|20:20:28] Load weights [st_gcn_networks.3.tcn.0.bias].
[2026-03-16 20:20:28] [INFO] [03.16.26|20:20:28] Load weights [st_gcn_networks.3.tcn.0.running_mean].
[2026-03-16 20:20:28] [INFO] [03.16.26|20:20:28] Load weights [st_gcn_networks.3.tcn.0.running_var].
[2026-03-16 20:20:28] [INFO] [03.16.26|20:20:28] Load weights [st_gcn_networks.3.tcn.0.num_batches_tracked].
[2026-03-16 20:20:28] [INFO] [03.16.26|20:20:28] Load weights [st_gcn_networks.3.tcn.2.weight].
[2026-03-16 20:20:28] [INFO] [03.16.26|20:20:28] Load weights [st_gcn_networks.3.tcn.2.bias].
[2026-03-16 20:20:28] [INFO] [03.16.26|20:20:28] Load weights [st_gcn_networks.3.tcn.3.weight].
[2026-03-16 20:20:28] [INFO] [03.16.26|20:20:28] Load weights [st_gcn_networks.3.tcn.3.bias].
[2026-03-16 20:20:28] [INFO] [03.16.26|20:20:28] Load weights [st_gcn_networks.3.tcn.3.running_mean].
[2026-03-16 20:20:28] [INFO] [03.16.26|20:20:28] Load weights [st_gcn_networks.3.tcn.3.running_var].
[2026-03-16 20:20:28] [INFO] [03.16.26|20:20:28] Load weights [st_gcn_networks.3.tcn.3.num_batches_tracked].
[2026-03-16 20:20:28] [INFO] [03.16.26|20:20:28] Load weights [st_gcn_networks.4.gcn.conv.weight].
[2026-03-16 20:20:28] [INFO] [03.16.26|20:20:28] Load weights [st_gcn_networks.4.gcn.conv.bias].
[2026-03-16 20:20:28] [INFO] [03.16.26|20:20:28] Load weights [st_gcn_networks.4.tcn.0.weight].
[2026-03-16 20:20:28] [INFO] [03.16.26|20:20:28] Load weights [st_gcn_networks.4.tcn.0.bias].
[2026-03-16 20:20:28] [INFO] [03.16.26|20:20:28] Load weights [st_gcn_networks.4.tcn.0.running_mean].
[2026-03-16 20:20:28] [INFO] [03.16.26|20:20:28] Load weights [st_gcn_networks.4.tcn.0.running_var].
[2026-03-16 20:20:28] [INFO] [03.16.26|20:20:28] Load weights [st_gcn_networks.4.tcn.0.num_batches_tracked].
[2026-03-16 20:20:28] [INFO] [03.16.26|20:20:28] Load weights [st_gcn_networks.4.tcn.2.weight].
[2026-03-16 20:20:28] [INFO] [03.16.26|20:20:28] Load weights [st_gcn_networks.4.tcn.2.bias].
[2026-03-16 20:20:28] [INFO] [03.16.26|20:20:28] Load weights [st_gcn_networks.4.tcn.3.weight].
[2026-03-16 20:20:28] [INFO] [03.16.26|20:20:28] Load weights [st_gcn_networks.4.tcn.3.bias].
[2026-03-16 20:20:28] [INFO] [03.16.26|20:20:28] Load weights [st_gcn_networks.4.tcn.3.running_mean].
[2026-03-16 20:20:28] [INFO] [03.16.26|20:20:28] Load weights [st_gcn_networks.4.tcn.3.running_var].
[2026-03-16 20:20:28] [INFO] [03.16.26|20:20:28] Load weights [st_gcn_networks.4.tcn.3.num_batches_tracked].
[2026-03-16 20:20:28] [INFO] [03.16.26|20:20:28] Load weights [st_gcn_networks.4.residual.0.weight].
[2026-03-16 20:20:28] [INFO] [03.16.26|20:20:28] Load weights [st_gcn_networks.4.residual.0.bias].
[2026-03-16 20:20:28] [INFO] [03.16.26|20:20:28] Load weights [st_gcn_networks.4.residual.1.weight].
[2026-03-16 20:20:28] [INFO] [03.16.26|20:20:28] Load weights [st_gcn_networks.4.residual.1.bias].
[2026-03-16 20:20:28] [INFO] [03.16.26|20:20:28] Load weights [st_gcn_networks.4.residual.1.running_mean].
[2026-03-16 20:20:28] [INFO] [03.16.26|20:20:28] Load weights [st_gcn_networks.4.residual.1.running_var].
[2026-03-16 20:20:28] [INFO] [03.16.26|20:20:28] Load weights [st_gcn_networks.4.residual.1.num_batches_tracked].
[2026-03-16 20:20:28] [INFO] [03.16.26|20:20:28] Load weights [st_gcn_networks.5.gcn.conv.weight].
[2026-03-16 20:20:28] [INFO] [03.16.26|20:20:28] Load weights [st_gcn_networks.5.gcn.conv.bias].
[2026-03-16 20:20:28] [INFO] [03.16.26|20:20:28] Load weights [st_gcn_networks.5.tcn.0.weight].
[2026-03-16 20:20:28] [INFO] [03.16.26|20:20:28] Load weights [st_gcn_networks.5.tcn.0.bias].
[2026-03-16 20:20:28] [INFO] [03.16.26|20:20:28] Load weights [st_gcn_networks.5.tcn.0.running_mean].
[2026-03-16 20:20:28] [INFO] [03.16.26|20:20:28] Load weights [st_gcn_networks.5.tcn.0.running_var].
[2026-03-16 20:20:28] [INFO] [03.16.26|20:20:28] Load weights [st_gcn_networks.5.tcn.0.num_batches_tracked].
[2026-03-16 20:20:28] [INFO] [03.16.26|20:20:28] Load weights [st_gcn_networks.5.tcn.2.weight].
[2026-03-16 20:20:28] [INFO] [03.16.26|20:20:28] Load weights [st_gcn_networks.5.tcn.2.bias].
[2026-03-16 20:20:28] [INFO] [03.16.26|20:20:28] Load weights [st_gcn_networks.5.tcn.3.weight].
[2026-03-16 20:20:28] [INFO] [03.16.26|20:20:28] Load weights [st_gcn_networks.5.tcn.3.bias].
[2026-03-16 20:20:28] [INFO] [03.16.26|20:20:28] Load weights [st_gcn_networks.5.tcn.3.running_mean].
[2026-03-16 20:20:28] [INFO] [03.16.26|20:20:28] Load weights [st_gcn_networks.5.tcn.3.running_var].
[2026-03-16 20:20:28] [INFO] [03.16.26|20:20:28] Load weights [st_gcn_networks.5.tcn.3.num_batches_tracked].
[2026-03-16 20:20:28] [INFO] [03.16.26|20:20:28] Load weights [st_gcn_networks.6.gcn.conv.weight].
[2026-03-16 20:20:28] [INFO] [03.16.26|20:20:28] Load weights [st_gcn_networks.6.gcn.conv.bias].
[2026-03-16 20:20:28] [INFO] [03.16.26|20:20:28] Load weights [st_gcn_networks.6.tcn.0.weight].
[2026-03-16 20:20:28] [INFO] [03.16.26|20:20:28] Load weights [st_gcn_networks.6.tcn.0.bias].
[2026-03-16 20:20:28] [INFO] [03.16.26|20:20:28] Load weights [st_gcn_networks.6.tcn.0.running_mean].
[2026-03-16 20:20:28] [INFO] [03.16.26|20:20:28] Load weights [st_gcn_networks.6.tcn.0.running_var].
[2026-03-16 20:20:28] [INFO] [03.16.26|20:20:28] Load weights [st_gcn_networks.6.tcn.0.num_batches_tracked].
[2026-03-16 20:20:28] [INFO] [03.16.26|20:20:28] Load weights [st_gcn_networks.6.tcn.2.weight].
[2026-03-16 20:20:28] [INFO] [03.16.26|20:20:28] Load weights [st_gcn_networks.6.tcn.2.bias].
[2026-03-16 20:20:28] [INFO] [03.16.26|20:20:28] Load weights [st_gcn_networks.6.tcn.3.weight].
[2026-03-16 20:20:28] [INFO] [03.16.26|20:20:28] Load weights [st_gcn_networks.6.tcn.3.bias].
[2026-03-16 20:20:28] [INFO] [03.16.26|20:20:28] Load weights [st_gcn_networks.6.tcn.3.running_mean].
[2026-03-16 20:20:28] [INFO] [03.16.26|20:20:28] Load weights [st_gcn_networks.6.tcn.3.running_var].
[2026-03-16 20:20:28] [INFO] [03.16.26|20:20:28] Load weights [st_gcn_networks.6.tcn.3.num_batches_tracked].
[2026-03-16 20:20:28] [INFO] [03.16.26|20:20:28] Load weights [st_gcn_networks.7.gcn.conv.weight].
[2026-03-16 20:20:28] [INFO] [03.16.26|20:20:28] Load weights [st_gcn_networks.7.gcn.conv.bias].
[2026-03-16 20:20:28] [INFO] [03.16.26|20:20:28] Load weights [st_gcn_networks.7.tcn.0.weight].
[2026-03-16 20:20:28] [INFO] [03.16.26|20:20:28] Load weights [st_gcn_networks.7.tcn.0.bias].
[2026-03-16 20:20:28] [INFO] [03.16.26|20:20:28] Load weights [st_gcn_networks.7.tcn.0.running_mean].
[2026-03-16 20:20:28] [INFO] [03.16.26|20:20:28] Load weights [st_gcn_networks.7.tcn.0.running_var].
[2026-03-16 20:20:28] [INFO] [03.16.26|20:20:28] Load weights [st_gcn_networks.7.tcn.0.num_batches_tracked].
[2026-03-16 20:20:28] [INFO] [03.16.26|20:20:28] Load weights [st_gcn_networks.7.tcn.2.weight].
[2026-03-16 20:20:28] [INFO] [03.16.26|20:20:28] Load weights [st_gcn_networks.7.tcn.2.bias].
[2026-03-16 20:20:28] [INFO] [03.16.26|20:20:28] Load weights [st_gcn_networks.7.tcn.3.weight].
[2026-03-16 20:20:28] [INFO] [03.16.26|20:20:28] Load weights [st_gcn_networks.7.tcn.3.bias].
[2026-03-16 20:20:28] [INFO] [03.16.26|20:20:28] Load weights [st_gcn_networks.7.tcn.3.running_mean].
[2026-03-16 20:20:28] [INFO] [03.16.26|20:20:28] Load weights [st_gcn_networks.7.tcn.3.running_var].
[2026-03-16 20:20:28] [INFO] [03.16.26|20:20:28] Load weights [st_gcn_networks.7.tcn.3.num_batches_tracked].
[2026-03-16 20:20:28] [INFO] [03.16.26|20:20:28] Load weights [st_gcn_networks.7.residual.0.weight].
[2026-03-16 20:20:28] [INFO] [03.16.26|20:20:28] Load weights [st_gcn_networks.7.residual.0.bias].
[2026-03-16 20:20:28] [INFO] [03.16.26|20:20:28] Load weights [st_gcn_networks.7.residual.1.weight].
[2026-03-16 20:20:28] [INFO] [03.16.26|20:20:28] Load weights [st_gcn_networks.7.residual.1.bias].
[2026-03-16 20:20:28] [INFO] [03.16.26|20:20:28] Load weights [st_gcn_networks.7.residual.1.running_mean].
[2026-03-16 20:20:28] [INFO] [03.16.26|20:20:28] Load weights [st_gcn_networks.7.residual.1.running_var].
[2026-03-16 20:20:28] [INFO] [03.16.26|20:20:28] Load weights [st_gcn_networks.7.residual.1.num_batches_tracked].
[2026-03-16 20:20:28] [INFO] [03.16.26|20:20:28] Load weights [st_gcn_networks.8.gcn.conv.weight].
[2026-03-16 20:20:28] [INFO] [03.16.26|20:20:28] Load weights [st_gcn_networks.8.gcn.conv.bias].
[2026-03-16 20:20:28] [INFO] [03.16.26|20:20:28] Load weights [st_gcn_networks.8.tcn.0.weight].
[2026-03-16 20:20:28] [INFO] [03.16.26|20:20:28] Load weights [st_gcn_networks.8.tcn.0.bias].
[2026-03-16 20:20:28] [INFO] [03.16.26|20:20:28] Load weights [st_gcn_networks.8.tcn.0.running_mean].
[2026-03-16 20:20:28] [INFO] [03.16.26|20:20:28] Load weights [st_gcn_networks.8.tcn.0.running_var].
[2026-03-16 20:20:28] [INFO] [03.16.26|20:20:28] Load weights [st_gcn_networks.8.tcn.0.num_batches_tracked].
[2026-03-16 20:20:28] [INFO] [03.16.26|20:20:28] Load weights [st_gcn_networks.8.tcn.2.weight].
[2026-03-16 20:20:28] [INFO] [03.16.26|20:20:28] Load weights [st_gcn_networks.8.tcn.2.bias].
[2026-03-16 20:20:28] [INFO] [03.16.26|20:20:28] Load weights [st_gcn_networks.8.tcn.3.weight].
[2026-03-16 20:20:28] [INFO] [03.16.26|20:20:28] Load weights [st_gcn_networks.8.tcn.3.bias].
[2026-03-16 20:20:28] [INFO] [03.16.26|20:20:28] Load weights [st_gcn_networks.8.tcn.3.running_mean].
[2026-03-16 20:20:28] [INFO] [03.16.26|20:20:28] Load weights [st_gcn_networks.8.tcn.3.running_var].
[2026-03-16 20:20:28] [INFO] [03.16.26|20:20:28] Load weights [st_gcn_networks.8.tcn.3.num_batches_tracked].
[2026-03-16 20:20:28] [INFO] [03.16.26|20:20:28] Load weights [st_gcn_networks.9.gcn.conv.weight].
[2026-03-16 20:20:28] [INFO] [03.16.26|20:20:28] Load weights [st_gcn_networks.9.gcn.conv.bias].
[2026-03-16 20:20:28] [INFO] [03.16.26|20:20:28] Load weights [st_gcn_networks.9.tcn.0.weight].
[2026-03-16 20:20:28] [INFO] [03.16.26|20:20:28] Load weights [st_gcn_networks.9.tcn.0.bias].
[2026-03-16 20:20:28] [INFO] [03.16.26|20:20:28] Load weights [st_gcn_networks.9.tcn.0.running_mean].
[2026-03-16 20:20:28] [INFO] [03.16.26|20:20:28] Load weights [st_gcn_networks.9.tcn.0.running_var].
[2026-03-16 20:20:28] [INFO] [03.16.26|20:20:28] Load weights [st_gcn_networks.9.tcn.0.num_batches_tracked].
[2026-03-16 20:20:28] [INFO] [03.16.26|20:20:28] Load weights [st_gcn_networks.9.tcn.2.weight].
[2026-03-16 20:20:28] [INFO] [03.16.26|20:20:28] Load weights [st_gcn_networks.9.tcn.2.bias].
[2026-03-16 20:20:28] [INFO] [03.16.26|20:20:28] Load weights [st_gcn_networks.9.tcn.3.weight].
[2026-03-16 20:20:28] [INFO] [03.16.26|20:20:28] Load weights [st_gcn_networks.9.tcn.3.bias].
[2026-03-16 20:20:28] [INFO] [03.16.26|20:20:28] Load weights [st_gcn_networks.9.tcn.3.running_mean].
[2026-03-16 20:20:28] [INFO] [03.16.26|20:20:28] Load weights [st_gcn_networks.9.tcn.3.running_var].
[2026-03-16 20:20:28] [INFO] [03.16.26|20:20:28] Load weights [st_gcn_networks.9.tcn.3.num_batches_tracked].
[2026-03-16 20:20:28] [INFO] [03.16.26|20:20:28] Load weights [edge_importance.0].
[2026-03-16 20:20:28] [INFO] [03.16.26|20:20:28] Load weights [edge_importance.1].
[2026-03-16 20:20:28] [INFO] [03.16.26|20:20:28] Load weights [edge_importance.2].
[2026-03-16 20:20:28] [INFO] [03.16.26|20:20:28] Load weights [edge_importance.3].
[2026-03-16 20:20:28] [INFO] [03.16.26|20:20:28] Load weights [edge_importance.4].
[2026-03-16 20:20:28] [INFO] [03.16.26|20:20:28] Load weights [edge_importance.5].
[2026-03-16 20:20:28] [INFO] [03.16.26|20:20:28] Load weights [edge_importance.6].
[2026-03-16 20:20:28] [INFO] [03.16.26|20:20:28] Load weights [edge_importance.7].
[2026-03-16 20:20:28] [INFO] [03.16.26|20:20:28] Load weights [edge_importance.8].
[2026-03-16 20:20:28] [INFO] [03.16.26|20:20:28] Load weights [edge_importance.9].
[2026-03-16 20:20:28] [INFO] [03.16.26|20:20:28] Can not find weights [fcn.bias].
[2026-03-16 20:20:28] [INFO] [03.16.26|20:20:28] Can not find weights [fcn.weight].
[2026-03-16 20:20:28] [INFO] [0m
[2026-03-16 20:20:28] [ERROR] Traceback (most recent call last):
[2026-03-16 20:20:28] [ERROR]   File "B:\ultralytics\ProjectOptimization\src\ultralytics-main\torchlight\torchlight\io.py", line 82, in load_weights
[2026-03-16 20:20:28] [ERROR]     model.load_state_dict(weights)
[2026-03-16 20:20:28] [ERROR]   File "B:\ultralytics\.venv310\lib\site-packages\torch\nn\modules\module.py", line 2215, in load_state_dict
[2026-03-16 20:20:28] [ERROR]     raise RuntimeError('Error(s) in loading state_dict for {}:\n\t{}'.format(
[2026-03-16 20:20:28] [ERROR] RuntimeError: Error(s) in loading state_dict for Model:
[2026-03-16 20:20:28] [ERROR] 	Missing key(s) in state_dict: "fcn.weight", "fcn.bias". 
[2026-03-16 20:20:28] [ERROR] 	size mismatch for A: copying a param with shape torch.Size([3, 18, 18]) from checkpoint, the shape in current model is torch.Size([3, 17, 17]).
[2026-03-16 20:20:28] [ERROR] 	size mismatch for data_bn.weight: copying a param with shape torch.Size([54]) from checkpoint, the shape in current model is torch.Size([51]).
[2026-03-16 20:20:28] [ERROR] 	size mismatch for data_bn.bias: copying a param with shape torch.Size([54]) from checkpoint, the shape in current model is torch.Size([51]).
[2026-03-16 20:20:28] [ERROR] 	size mismatch for data_bn.running_mean: copying a param with shape torch.Size([54]) from checkpoint, the shape in current model is torch.Size([51]).
[2026-03-16 20:20:28] [ERROR] 	size mismatch for data_bn.running_var: copying a param with shape torch.Size([54]) from checkpoint, the shape in current model is torch.Size([51]).
[2026-03-16 20:20:28] [ERROR] 	size mismatch for edge_importance.0: copying a param with shape torch.Size([3, 18, 18]) from checkpoint, the shape in current model is torch.Size([3, 17, 17]).
[2026-03-16 20:20:28] [ERROR] 	size mismatch for edge_importance.1: copying a param with shape torch.Size([3, 18, 18]) from checkpoint, the shape in current model is torch.Size([3, 17, 17]).
[2026-03-16 20:20:28] [ERROR] 	size mismatch for edge_importance.2: copying a param with shape torch.Size([3, 18, 18]) from checkpoint, the shape in current model is torch.Size([3, 17, 17]).
[2026-03-16 20:20:28] [ERROR] 	size mismatch for edge_importance.3: copying a param with shape torch.Size([3, 18, 18]) from checkpoint, the shape in current model is torch.Size([3, 17, 17]).
[2026-03-16 20:20:28] [ERROR] 	size mismatch for edge_importance.4: copying a param with shape torch.Size([3, 18, 18]) from checkpoint, the shape in current model is torch.Size([3, 17, 17]).
[2026-03-16 20:20:28] [ERROR] 	size mismatch for edge_importance.5: copying a param with shape torch.Size([3, 18, 18]) from checkpoint, the shape in current model is torch.Size([3, 17, 17]).
[2026-03-16 20:20:28] [ERROR] 	size mismatch for edge_importance.6: copying a param with shape torch.Size([3, 18, 18]) from checkpoint, the shape in current model is torch.Size([3, 17, 17]).
[2026-03-16 20:20:28] [ERROR] 	size mismatch for edge_importance.7: copying a param with shape torch.Size([3, 18, 18]) from checkpoint, the shape in current model is torch.Size([3, 17, 17]).
[2026-03-16 20:20:28] [ERROR] 	size mismatch for edge_importance.8: copying a param with shape torch.Size([3, 18, 18]) from checkpoint, the shape in current model is torch.Size([3, 17, 17]).
[2026-03-16 20:20:28] [ERROR] 	size mismatch for edge_importance.9: copying a param with shape torch.Size([3, 18, 18]) from checkpoint, the shape in current model is torch.Size([3, 17, 17]).
[2026-03-16 20:20:28] [ERROR] 
[2026-03-16 20:20:28] [ERROR] During handling of the above exception, another exception occurred:
[2026-03-16 20:20:28] [ERROR] 
[2026-03-16 20:20:28] [ERROR] Traceback (most recent call last):
[2026-03-16 20:20:28] [ERROR]   File "B:\ultralytics\ProjectOptimization\src\ultralytics-main\main.py", line 36, in <module>
[2026-03-16 20:20:28] [ERROR]     p = Processor(sys.argv[2:])
[2026-03-16 20:20:28] [ERROR]   File "B:\ultralytics\ProjectOptimization\src\ultralytics-main\processor\processor.py", line 30, in __init__
[2026-03-16 20:20:28] [ERROR]     self.load_weights()
[2026-03-16 20:20:28] [ERROR]   File "B:\ultralytics\ProjectOptimization\src\ultralytics-main\processor\io.py", line 76, in load_weights
[2026-03-16 20:20:28] [ERROR]     self.model = self.io.load_weights(self.model, self.arg.weights,
[2026-03-16 20:20:28] [ERROR]   File "B:\ultralytics\ProjectOptimization\src\ultralytics-main\torchlight\torchlight\io.py", line 89, in load_weights
[2026-03-16 20:20:28] [ERROR]     model.load_state_dict(state)
[2026-03-16 20:20:28] [ERROR]   File "B:\ultralytics\.venv310\lib\site-packages\torch\nn\modules\module.py", line 2215, in load_state_dict
[2026-03-16 20:20:28] [ERROR]     raise RuntimeError('Error(s) in loading state_dict for {}:\n\t{}'.format(
[2026-03-16 20:20:28] [ERROR] RuntimeError: Error(s) in loading state_dict for Model:
[2026-03-16 20:20:28] [ERROR] 	size mismatch for A: copying a param with shape torch.Size([3, 18, 18]) from checkpoint, the shape in current model is torch.Size([3, 17, 17]).
[2026-03-16 20:20:28] [ERROR] 	size mismatch for data_bn.weight: copying a param with shape torch.Size([54]) from checkpoint, the shape in current model is torch.Size([51]).
[2026-03-16 20:20:28] [ERROR] 	size mismatch for data_bn.bias: copying a param with shape torch.Size([54]) from checkpoint, the shape in current model is torch.Size([51]).
[2026-03-16 20:20:28] [ERROR] 	size mismatch for data_bn.running_mean: copying a param with shape torch.Size([54]) from checkpoint, the shape in current model is torch.Size([51]).
[2026-03-16 20:20:28] [ERROR] 	size mismatch for data_bn.running_var: copying a param with shape torch.Size([54]) from checkpoint, the shape in current model is torch.Size([51]).
[2026-03-16 20:20:28] [ERROR] 	size mismatch for edge_importance.0: copying a param with shape torch.Size([3, 18, 18]) from checkpoint, the shape in current model is torch.Size([3, 17, 17]).
[2026-03-16 20:20:28] [ERROR] 	size mismatch for edge_importance.1: copying a param with shape torch.Size([3, 18, 18]) from checkpoint, the shape in current model is torch.Size([3, 17, 17]).
[2026-03-16 20:20:28] [ERROR] 	size mismatch for edge_importance.2: copying a param with shape torch.Size([3, 18, 18]) from checkpoint, the shape in current model is torch.Size([3, 17, 17]).
[2026-03-16 20:20:28] [ERROR] 	size mismatch for edge_importance.3: copying a param with shape torch.Size([3, 18, 18]) from checkpoint, the shape in current model is torch.Size([3, 17, 17]).
[2026-03-16 20:20:28] [ERROR] 	size mismatch for edge_importance.4: copying a param with shape torch.Size([3, 18, 18]) from checkpoint, the shape in current model is torch.Size([3, 17, 17]).
[2026-03-16 20:20:28] [ERROR] 	size mismatch for edge_importance.5: copying a param with shape torch.Size([3, 18, 18]) from checkpoint, the shape in current model is torch.Size([3, 17, 17]).
[2026-03-16 20:20:28] [ERROR] 	size mismatch for edge_importance.6: copying a param with shape torch.Size([3, 18, 18]) from checkpoint, the shape in current model is torch.Size([3, 17, 17]).
[2026-03-16 20:20:28] [ERROR] 	size mismatch for edge_importance.7: copying a param with shape torch.Size([3, 18, 18]) from checkpoint, the shape in current model is torch.Size([3, 17, 17]).
[2026-03-16 20:20:28] [ERROR] 	size mismatch for edge_importance.8: copying a param with shape torch.Size([3, 18, 18]) from checkpoint, the shape in current model is torch.Size([3, 17, 17]).
[2026-03-16 20:20:28] [ERROR] 	size mismatch for edge_importance.9: copying a param with shape torch.Size([3, 18, 18]) from checkpoint, the shape in current model is torch.Size([3, 17, 17]).
[2026-03-16 20:20:29] [INFO] 任务结束: train
[2026-03-16 20:30:22] [INFO] 模型列表刷新完成（精简模式，默认best策略）
[2026-03-16 20:31:29] [INFO] 模型列表刷新完成（精简模式，默认best策略）
[2026-03-16 20:31:32] [INFO] 模型列表刷新完成（完整模式，默认best策略）
[2026-03-16 20:31:34] [INFO] 模型列表刷新完成（精简模式，默认best策略）
[2026-03-16 20:31:34] [INFO] 模型列表刷新完成（完整模式，默认best策略）
[2026-03-16 20:31:35] [INFO] 启动命令: B:\ultralytics\.venv310\Scripts\python.exe B:\ultralytics\ProjectOptimization\scripts\env\check_env.py
[2026-03-16 20:31:36] [INFO] [INFO] Python: 3.10.11 | exe: B:\ultralytics\.venv310\Scripts\python.exe
[2026-03-16 20:31:37] [INFO] WARNING ⚠️ Ultralytics settings reset to default values. This may be due to a possible problem with your settings or a recent ultralytics package update. 
[2026-03-16 20:31:37] [INFO] View Ultralytics Settings with 'yolo settings' or at 'C:\Users\YiLanQiu\AppData\Roaming\Ultralytics\settings.json'
[2026-03-16 20:31:37] [INFO] Update Settings with 'yolo settings key=value', i.e. 'yolo settings runs_dir=path/to/dir'. For help see https://docs.ultralytics.com/quickstart/#ultralytics-settings.
[2026-03-16 20:31:38] [INFO] [INFO] Torch: 2.4.1+cu121
[2026-03-16 20:31:38] [INFO] [INFO] CUDA available: True
[2026-03-16 20:31:38] [INFO] [INFO] GPU: NVIDIA GeForce RTX 4060 Laptop GPU
[2026-03-16 20:31:38] [INFO] [OK] Environment check passed.
[2026-03-16 20:31:38] [INFO] [0m
[2026-03-16 20:31:39] [INFO] 任务结束: env
[2026-03-16 20:31:41] [INFO] 模型列表刷新完成（精简模式，默认best策略）
[2026-03-16 20:31:42] [INFO] 模型列表刷新完成（完整模式，默认best策略）
[2026-03-16 20:31:53] [INFO] 模型列表刷新完成（精简模式，默认best策略）
[2026-03-16 20:31:57] [INFO] 启动命令: B:\ultralytics\.venv310\Scripts\python.exe B:\ultralytics\ProjectOptimization\scripts\train\train_stgcn_pretrain.py --config B:\ultralytics\ProjectOptimization\configs\train\train_stgcn_out17.yaml --weights B:\ultralytics\ProjectOptimization\models\stgcn\pretrained\st_gcn.kinetics.pt --layout yolopose
[2026-03-16 20:31:58] [INFO] [ERROR] 初始化权重布局不匹配: weights=openpose, target=yolopose。请更换同布局权重（例如17点用epoch50_model.pt，18点用st_gcn.kinetics.pt）。
[2026-03-16 20:31:58] [INFO] [0m
[2026-03-16 20:31:58] [INFO] 任务结束: train
[2026-03-16 20:32:03] [INFO] 启动命令: B:\ultralytics\.venv310\Scripts\python.exe B:\ultralytics\ProjectOptimization\scripts\train\train_stgcn_pretrain.py --config B:\ultralytics\ProjectOptimization\configs\train\train_stgcn_out17.yaml --weights B:\ultralytics\ProjectOptimization\models\stgcn\pretrained\st_gcn.kinetics.pt --layout yolopose
[2026-03-16 20:32:04] [INFO] [ERROR] 初始化权重布局不匹配: weights=openpose, target=yolopose。请更换同布局权重（例如17点用epoch50_model.pt，18点用st_gcn.kinetics.pt）。
[2026-03-16 20:32:04] [INFO] [0m
[2026-03-16 20:32:05] [INFO] 任务结束: train
[2026-03-16 20:33:43] [INFO] 模型列表刷新完成（精简模式，默认best策略）
[2026-03-16 20:34:50] [INFO] 模型列表刷新完成（精简模式，默认best策略）
[2026-03-16 20:34:52] [INFO] 启动命令: B:\ultralytics\.venv310\Scripts\python.exe B:\ultralytics\ProjectOptimization\scripts\env\check_env.py
[2026-03-16 20:34:52] [INFO] [INFO] Python: 3.10.11 | exe: B:\ultralytics\.venv310\Scripts\python.exe
[2026-03-16 20:34:53] [INFO] WARNING ⚠️ Ultralytics settings reset to default values. This may be due to a possible problem with your settings or a recent ultralytics package update. 
[2026-03-16 20:34:53] [INFO] View Ultralytics Settings with 'yolo settings' or at 'C:\Users\YiLanQiu\AppData\Roaming\Ultralytics\settings.json'
[2026-03-16 20:34:53] [INFO] Update Settings with 'yolo settings key=value', i.e. 'yolo settings runs_dir=path/to/dir'. For help see https://docs.ultralytics.com/quickstart/#ultralytics-settings.
[2026-03-16 20:34:54] [INFO] [INFO] Torch: 2.4.1+cu121
[2026-03-16 20:34:54] [INFO] [INFO] CUDA available: True
[2026-03-16 20:34:54] [INFO] [INFO] GPU: NVIDIA GeForce RTX 4060 Laptop GPU
[2026-03-16 20:34:54] [INFO] [OK] Environment check passed.
[2026-03-16 20:34:54] [INFO] [0m
[2026-03-16 20:34:55] [INFO] 任务结束: env
[2026-03-16 20:35:50] [INFO] 启动命令: B:\ultralytics\.venv310\Scripts\python.exe B:\ultralytics\ProjectOptimization\scripts\train\train_stgcn_pretrain.py --config B:\ultralytics\ProjectOptimization\configs\train\train_stgcn_out3.yaml --weights B:\ultralytics\ProjectOptimization\models\stgcn\pretrained\st_gcn.kinetics.pt --layout openpose
[2026-03-16 20:35:52] [INFO] [INFO] 训练layout: openpose
[2026-03-16 20:35:52] [INFO] [INFO] B:\ultralytics\.venv310\Scripts\python.exe B:\ultralytics\ProjectOptimization\src\ultralytics-main\main.py recognition -c B:\ultralytics\ProjectOptimization\logs\run_logs\_tmp_train_pretrain_1773664552.yaml --weights B:\ultralytics\ProjectOptimization\models\stgcn\pretrained\st_gcn.kinetics.pt --ignore_weights fcn
[2026-03-16 20:35:54] [INFO] [03.16.26|20:35:54] Load weights from B:\ultralytics\ProjectOptimization\models\stgcn\pretrained\st_gcn.kinetics.pt.
[2026-03-16 20:35:54] [INFO] [03.16.26|20:35:54] Filter [fcn] remove weights [fcn.weight].
[2026-03-16 20:35:54] [INFO] [03.16.26|20:35:54] Filter [fcn] remove weights [fcn.bias].
[2026-03-16 20:35:54] [INFO] [03.16.26|20:35:54] Load weights [A].
[2026-03-16 20:35:54] [INFO] [03.16.26|20:35:54] Load weights [data_bn.weight].
[2026-03-16 20:35:54] [INFO] [03.16.26|20:35:54] Load weights [data_bn.bias].
[2026-03-16 20:35:54] [INFO] [03.16.26|20:35:54] Load weights [data_bn.running_mean].
[2026-03-16 20:35:54] [INFO] [03.16.26|20:35:54] Load weights [data_bn.running_var].
[2026-03-16 20:35:54] [INFO] [03.16.26|20:35:54] Load weights [data_bn.num_batches_tracked].
[2026-03-16 20:35:54] [INFO] [03.16.26|20:35:54] Load weights [st_gcn_networks.0.gcn.conv.weight].
[2026-03-16 20:35:54] [INFO] [03.16.26|20:35:54] Load weights [st_gcn_networks.0.gcn.conv.bias].
[2026-03-16 20:35:54] [INFO] [03.16.26|20:35:54] Load weights [st_gcn_networks.0.tcn.0.weight].
[2026-03-16 20:35:54] [INFO] [03.16.26|20:35:54] Load weights [st_gcn_networks.0.tcn.0.bias].
[2026-03-16 20:35:54] [INFO] [03.16.26|20:35:54] Load weights [st_gcn_networks.0.tcn.0.running_mean].
[2026-03-16 20:35:54] [INFO] [03.16.26|20:35:54] Load weights [st_gcn_networks.0.tcn.0.running_var].
[2026-03-16 20:35:54] [INFO] [03.16.26|20:35:54] Load weights [st_gcn_networks.0.tcn.0.num_batches_tracked].
[2026-03-16 20:35:54] [INFO] [03.16.26|20:35:54] Load weights [st_gcn_networks.0.tcn.2.weight].
[2026-03-16 20:35:54] [INFO] [03.16.26|20:35:54] Load weights [st_gcn_networks.0.tcn.2.bias].
[2026-03-16 20:35:54] [INFO] [03.16.26|20:35:54] Load weights [st_gcn_networks.0.tcn.3.weight].
[2026-03-16 20:35:54] [INFO] [03.16.26|20:35:54] Load weights [st_gcn_networks.0.tcn.3.bias].
[2026-03-16 20:35:54] [INFO] [03.16.26|20:35:54] Load weights [st_gcn_networks.0.tcn.3.running_mean].
[2026-03-16 20:35:54] [INFO] [03.16.26|20:35:54] Load weights [st_gcn_networks.0.tcn.3.running_var].
[2026-03-16 20:35:54] [INFO] [03.16.26|20:35:54] Load weights [st_gcn_networks.0.tcn.3.num_batches_tracked].
[2026-03-16 20:35:54] [INFO] [03.16.26|20:35:54] Load weights [st_gcn_networks.1.gcn.conv.weight].
[2026-03-16 20:35:54] [INFO] [03.16.26|20:35:54] Load weights [st_gcn_networks.1.gcn.conv.bias].
[2026-03-16 20:35:54] [INFO] [03.16.26|20:35:54] Load weights [st_gcn_networks.1.tcn.0.weight].
[2026-03-16 20:35:54] [INFO] [03.16.26|20:35:54] Load weights [st_gcn_networks.1.tcn.0.bias].
[2026-03-16 20:35:54] [INFO] [03.16.26|20:35:54] Load weights [st_gcn_networks.1.tcn.0.running_mean].
[2026-03-16 20:35:54] [INFO] [03.16.26|20:35:54] Load weights [st_gcn_networks.1.tcn.0.running_var].
[2026-03-16 20:35:54] [INFO] [03.16.26|20:35:54] Load weights [st_gcn_networks.1.tcn.0.num_batches_tracked].
[2026-03-16 20:35:54] [INFO] [03.16.26|20:35:54] Load weights [st_gcn_networks.1.tcn.2.weight].
[2026-03-16 20:35:54] [INFO] [03.16.26|20:35:54] Load weights [st_gcn_networks.1.tcn.2.bias].
[2026-03-16 20:35:54] [INFO] [03.16.26|20:35:54] Load weights [st_gcn_networks.1.tcn.3.weight].
[2026-03-16 20:35:54] [INFO] [03.16.26|20:35:54] Load weights [st_gcn_networks.1.tcn.3.bias].
[2026-03-16 20:35:54] [INFO] [03.16.26|20:35:54] Load weights [st_gcn_networks.1.tcn.3.running_mean].
[2026-03-16 20:35:54] [INFO] [03.16.26|20:35:54] Load weights [st_gcn_networks.1.tcn.3.running_var].
[2026-03-16 20:35:54] [INFO] [03.16.26|20:35:54] Load weights [st_gcn_networks.1.tcn.3.num_batches_tracked].
[2026-03-16 20:35:54] [INFO] [03.16.26|20:35:54] Load weights [st_gcn_networks.2.gcn.conv.weight].
[2026-03-16 20:35:54] [INFO] [03.16.26|20:35:54] Load weights [st_gcn_networks.2.gcn.conv.bias].
[2026-03-16 20:35:54] [INFO] [03.16.26|20:35:54] Load weights [st_gcn_networks.2.tcn.0.weight].
[2026-03-16 20:35:54] [INFO] [03.16.26|20:35:54] Load weights [st_gcn_networks.2.tcn.0.bias].
[2026-03-16 20:35:54] [INFO] [03.16.26|20:35:54] Load weights [st_gcn_networks.2.tcn.0.running_mean].
[2026-03-16 20:35:54] [INFO] [03.16.26|20:35:54] Load weights [st_gcn_networks.2.tcn.0.running_var].
[2026-03-16 20:35:54] [INFO] [03.16.26|20:35:54] Load weights [st_gcn_networks.2.tcn.0.num_batches_tracked].
[2026-03-16 20:35:54] [INFO] [03.16.26|20:35:54] Load weights [st_gcn_networks.2.tcn.2.weight].
[2026-03-16 20:35:54] [INFO] [03.16.26|20:35:54] Load weights [st_gcn_networks.2.tcn.2.bias].
[2026-03-16 20:35:54] [INFO] [03.16.26|20:35:54] Load weights [st_gcn_networks.2.tcn.3.weight].
[2026-03-16 20:35:54] [INFO] [03.16.26|20:35:54] Load weights [st_gcn_networks.2.tcn.3.bias].
[2026-03-16 20:35:54] [INFO] [03.16.26|20:35:54] Load weights [st_gcn_networks.2.tcn.3.running_mean].
[2026-03-16 20:35:54] [INFO] [03.16.26|20:35:54] Load weights [st_gcn_networks.2.tcn.3.running_var].
[2026-03-16 20:35:54] [INFO] [03.16.26|20:35:54] Load weights [st_gcn_networks.2.tcn.3.num_batches_tracked].
[2026-03-16 20:35:54] [INFO] [03.16.26|20:35:54] Load weights [st_gcn_networks.3.gcn.conv.weight].
[2026-03-16 20:35:54] [INFO] [03.16.26|20:35:54] Load weights [st_gcn_networks.3.gcn.conv.bias].
[2026-03-16 20:35:54] [INFO] [03.16.26|20:35:54] Load weights [st_gcn_networks.3.tcn.0.weight].
[2026-03-16 20:35:54] [INFO] [03.16.26|20:35:54] Load weights [st_gcn_networks.3.tcn.0.bias].
[2026-03-16 20:35:54] [INFO] [03.16.26|20:35:54] Load weights [st_gcn_networks.3.tcn.0.running_mean].
[2026-03-16 20:35:54] [INFO] [03.16.26|20:35:54] Load weights [st_gcn_networks.3.tcn.0.running_var].
[2026-03-16 20:35:54] [INFO] [03.16.26|20:35:54] Load weights [st_gcn_networks.3.tcn.0.num_batches_tracked].
[2026-03-16 20:35:54] [INFO] [03.16.26|20:35:54] Load weights [st_gcn_networks.3.tcn.2.weight].
[2026-03-16 20:35:54] [INFO] [03.16.26|20:35:54] Load weights [st_gcn_networks.3.tcn.2.bias].
[2026-03-16 20:35:54] [INFO] [03.16.26|20:35:54] Load weights [st_gcn_networks.3.tcn.3.weight].
[2026-03-16 20:35:54] [INFO] [03.16.26|20:35:54] Load weights [st_gcn_networks.3.tcn.3.bias].
[2026-03-16 20:35:54] [INFO] [03.16.26|20:35:54] Load weights [st_gcn_networks.3.tcn.3.running_mean].
[2026-03-16 20:35:54] [INFO] [03.16.26|20:35:54] Load weights [st_gcn_networks.3.tcn.3.running_var].
[2026-03-16 20:35:54] [INFO] [03.16.26|20:35:54] Load weights [st_gcn_networks.3.tcn.3.num_batches_tracked].
[2026-03-16 20:35:54] [INFO] [03.16.26|20:35:54] Load weights [st_gcn_networks.4.gcn.conv.weight].
[2026-03-16 20:35:54] [INFO] [03.16.26|20:35:54] Load weights [st_gcn_networks.4.gcn.conv.bias].
[2026-03-16 20:35:54] [INFO] [03.16.26|20:35:54] Load weights [st_gcn_networks.4.tcn.0.weight].
[2026-03-16 20:35:54] [INFO] [03.16.26|20:35:54] Load weights [st_gcn_networks.4.tcn.0.bias].
[2026-03-16 20:35:54] [INFO] [03.16.26|20:35:54] Load weights [st_gcn_networks.4.tcn.0.running_mean].
[2026-03-16 20:35:54] [INFO] [03.16.26|20:35:54] Load weights [st_gcn_networks.4.tcn.0.running_var].
[2026-03-16 20:35:54] [INFO] [03.16.26|20:35:54] Load weights [st_gcn_networks.4.tcn.0.num_batches_tracked].
[2026-03-16 20:35:54] [INFO] [03.16.26|20:35:54] Load weights [st_gcn_networks.4.tcn.2.weight].
[2026-03-16 20:35:54] [INFO] [03.16.26|20:35:54] Load weights [st_gcn_networks.4.tcn.2.bias].
[2026-03-16 20:35:54] [INFO] [03.16.26|20:35:54] Load weights [st_gcn_networks.4.tcn.3.weight].
[2026-03-16 20:35:54] [INFO] [03.16.26|20:35:54] Load weights [st_gcn_networks.4.tcn.3.bias].
[2026-03-16 20:35:54] [INFO] [03.16.26|20:35:54] Load weights [st_gcn_networks.4.tcn.3.running_mean].
[2026-03-16 20:35:54] [INFO] [03.16.26|20:35:54] Load weights [st_gcn_networks.4.tcn.3.running_var].
[2026-03-16 20:35:54] [INFO] [03.16.26|20:35:54] Load weights [st_gcn_networks.4.tcn.3.num_batches_tracked].
[2026-03-16 20:35:54] [INFO] [03.16.26|20:35:54] Load weights [st_gcn_networks.4.residual.0.weight].
[2026-03-16 20:35:54] [INFO] [03.16.26|20:35:54] Load weights [st_gcn_networks.4.residual.0.bias].
[2026-03-16 20:35:54] [INFO] [03.16.26|20:35:54] Load weights [st_gcn_networks.4.residual.1.weight].
[2026-03-16 20:35:54] [INFO] [03.16.26|20:35:54] Load weights [st_gcn_networks.4.residual.1.bias].
[2026-03-16 20:35:54] [INFO] [03.16.26|20:35:54] Load weights [st_gcn_networks.4.residual.1.running_mean].
[2026-03-16 20:35:54] [INFO] [03.16.26|20:35:54] Load weights [st_gcn_networks.4.residual.1.running_var].
[2026-03-16 20:35:54] [INFO] [03.16.26|20:35:54] Load weights [st_gcn_networks.4.residual.1.num_batches_tracked].
[2026-03-16 20:35:54] [INFO] [03.16.26|20:35:54] Load weights [st_gcn_networks.5.gcn.conv.weight].
[2026-03-16 20:35:54] [INFO] [03.16.26|20:35:54] Load weights [st_gcn_networks.5.gcn.conv.bias].
[2026-03-16 20:35:54] [INFO] [03.16.26|20:35:54] Load weights [st_gcn_networks.5.tcn.0.weight].
[2026-03-16 20:35:54] [INFO] [03.16.26|20:35:54] Load weights [st_gcn_networks.5.tcn.0.bias].
[2026-03-16 20:35:54] [INFO] [03.16.26|20:35:54] Load weights [st_gcn_networks.5.tcn.0.running_mean].
[2026-03-16 20:35:54] [INFO] [03.16.26|20:35:54] Load weights [st_gcn_networks.5.tcn.0.running_var].
[2026-03-16 20:35:54] [INFO] [03.16.26|20:35:54] Load weights [st_gcn_networks.5.tcn.0.num_batches_tracked].
[2026-03-16 20:35:54] [INFO] [03.16.26|20:35:54] Load weights [st_gcn_networks.5.tcn.2.weight].
[2026-03-16 20:35:54] [INFO] [03.16.26|20:35:54] Load weights [st_gcn_networks.5.tcn.2.bias].
[2026-03-16 20:35:54] [INFO] [03.16.26|20:35:54] Load weights [st_gcn_networks.5.tcn.3.weight].
[2026-03-16 20:35:54] [INFO] [03.16.26|20:35:54] Load weights [st_gcn_networks.5.tcn.3.bias].
[2026-03-16 20:35:54] [INFO] [03.16.26|20:35:54] Load weights [st_gcn_networks.5.tcn.3.running_mean].
[2026-03-16 20:35:54] [INFO] [03.16.26|20:35:54] Load weights [st_gcn_networks.5.tcn.3.running_var].
[2026-03-16 20:35:54] [INFO] [03.16.26|20:35:54] Load weights [st_gcn_networks.5.tcn.3.num_batches_tracked].
[2026-03-16 20:35:54] [INFO] [03.16.26|20:35:54] Load weights [st_gcn_networks.6.gcn.conv.weight].
[2026-03-16 20:35:54] [INFO] [03.16.26|20:35:54] Load weights [st_gcn_networks.6.gcn.conv.bias].
[2026-03-16 20:35:54] [INFO] [03.16.26|20:35:54] Load weights [st_gcn_networks.6.tcn.0.weight].
[2026-03-16 20:35:54] [INFO] [03.16.26|20:35:54] Load weights [st_gcn_networks.6.tcn.0.bias].
[2026-03-16 20:35:54] [INFO] [03.16.26|20:35:54] Load weights [st_gcn_networks.6.tcn.0.running_mean].
[2026-03-16 20:35:54] [INFO] [03.16.26|20:35:54] Load weights [st_gcn_networks.6.tcn.0.running_var].
[2026-03-16 20:35:54] [INFO] [03.16.26|20:35:54] Load weights [st_gcn_networks.6.tcn.0.num_batches_tracked].
[2026-03-16 20:35:54] [INFO] [03.16.26|20:35:54] Load weights [st_gcn_networks.6.tcn.2.weight].
[2026-03-16 20:35:54] [INFO] [03.16.26|20:35:54] Load weights [st_gcn_networks.6.tcn.2.bias].
[2026-03-16 20:35:54] [INFO] [03.16.26|20:35:54] Load weights [st_gcn_networks.6.tcn.3.weight].
[2026-03-16 20:35:54] [INFO] [03.16.26|20:35:54] Load weights [st_gcn_networks.6.tcn.3.bias].
[2026-03-16 20:35:54] [INFO] [03.16.26|20:35:54] Load weights [st_gcn_networks.6.tcn.3.running_mean].
[2026-03-16 20:35:54] [INFO] [03.16.26|20:35:54] Load weights [st_gcn_networks.6.tcn.3.running_var].
[2026-03-16 20:35:54] [INFO] [03.16.26|20:35:54] Load weights [st_gcn_networks.6.tcn.3.num_batches_tracked].
[2026-03-16 20:35:54] [INFO] [03.16.26|20:35:54] Load weights [st_gcn_networks.7.gcn.conv.weight].
[2026-03-16 20:35:54] [INFO] [03.16.26|20:35:54] Load weights [st_gcn_networks.7.gcn.conv.bias].
[2026-03-16 20:35:54] [INFO] [03.16.26|20:35:54] Load weights [st_gcn_networks.7.tcn.0.weight].
[2026-03-16 20:35:54] [INFO] [03.16.26|20:35:54] Load weights [st_gcn_networks.7.tcn.0.bias].
[2026-03-16 20:35:54] [INFO] [03.16.26|20:35:54] Load weights [st_gcn_networks.7.tcn.0.running_mean].
[2026-03-16 20:35:54] [INFO] [03.16.26|20:35:54] Load weights [st_gcn_networks.7.tcn.0.running_var].
[2026-03-16 20:35:54] [INFO] [03.16.26|20:35:54] Load weights [st_gcn_networks.7.tcn.0.num_batches_tracked].
[2026-03-16 20:35:54] [INFO] [03.16.26|20:35:54] Load weights [st_gcn_networks.7.tcn.2.weight].
[2026-03-16 20:35:54] [INFO] [03.16.26|20:35:54] Load weights [st_gcn_networks.7.tcn.2.bias].
[2026-03-16 20:35:54] [INFO] [03.16.26|20:35:54] Load weights [st_gcn_networks.7.tcn.3.weight].
[2026-03-16 20:35:54] [INFO] [03.16.26|20:35:54] Load weights [st_gcn_networks.7.tcn.3.bias].
[2026-03-16 20:35:54] [INFO] [03.16.26|20:35:54] Load weights [st_gcn_networks.7.tcn.3.running_mean].
[2026-03-16 20:35:54] [INFO] [03.16.26|20:35:54] Load weights [st_gcn_networks.7.tcn.3.running_var].
[2026-03-16 20:35:54] [INFO] [03.16.26|20:35:54] Load weights [st_gcn_networks.7.tcn.3.num_batches_tracked].
[2026-03-16 20:35:54] [INFO] [03.16.26|20:35:54] Load weights [st_gcn_networks.7.residual.0.weight].
[2026-03-16 20:35:54] [INFO] [03.16.26|20:35:54] Load weights [st_gcn_networks.7.residual.0.bias].
[2026-03-16 20:35:54] [INFO] [03.16.26|20:35:54] Load weights [st_gcn_networks.7.residual.1.weight].
[2026-03-16 20:35:54] [INFO] [03.16.26|20:35:54] Load weights [st_gcn_networks.7.residual.1.bias].
[2026-03-16 20:35:54] [INFO] [03.16.26|20:35:54] Load weights [st_gcn_networks.7.residual.1.running_mean].
[2026-03-16 20:35:54] [INFO] [03.16.26|20:35:54] Load weights [st_gcn_networks.7.residual.1.running_var].
[2026-03-16 20:35:54] [INFO] [03.16.26|20:35:54] Load weights [st_gcn_networks.7.residual.1.num_batches_tracked].
[2026-03-16 20:35:54] [INFO] [03.16.26|20:35:54] Load weights [st_gcn_networks.8.gcn.conv.weight].
[2026-03-16 20:35:54] [INFO] [03.16.26|20:35:54] Load weights [st_gcn_networks.8.gcn.conv.bias].
[2026-03-16 20:35:54] [INFO] [03.16.26|20:35:54] Load weights [st_gcn_networks.8.tcn.0.weight].
[2026-03-16 20:35:54] [INFO] [03.16.26|20:35:54] Load weights [st_gcn_networks.8.tcn.0.bias].
[2026-03-16 20:35:54] [INFO] [03.16.26|20:35:54] Load weights [st_gcn_networks.8.tcn.0.running_mean].
[2026-03-16 20:35:54] [INFO] [03.16.26|20:35:54] Load weights [st_gcn_networks.8.tcn.0.running_var].
[2026-03-16 20:35:54] [INFO] [03.16.26|20:35:54] Load weights [st_gcn_networks.8.tcn.0.num_batches_tracked].
[2026-03-16 20:35:54] [INFO] [03.16.26|20:35:54] Load weights [st_gcn_networks.8.tcn.2.weight].
[2026-03-16 20:35:54] [INFO] [03.16.26|20:35:54] Load weights [st_gcn_networks.8.tcn.2.bias].
[2026-03-16 20:35:54] [INFO] [03.16.26|20:35:54] Load weights [st_gcn_networks.8.tcn.3.weight].
[2026-03-16 20:35:54] [INFO] [03.16.26|20:35:54] Load weights [st_gcn_networks.8.tcn.3.bias].
[2026-03-16 20:35:54] [INFO] [03.16.26|20:35:54] Load weights [st_gcn_networks.8.tcn.3.running_mean].
[2026-03-16 20:35:54] [INFO] [03.16.26|20:35:54] Load weights [st_gcn_networks.8.tcn.3.running_var].
[2026-03-16 20:35:54] [INFO] [03.16.26|20:35:54] Load weights [st_gcn_networks.8.tcn.3.num_batches_tracked].
[2026-03-16 20:35:54] [INFO] [03.16.26|20:35:54] Load weights [st_gcn_networks.9.gcn.conv.weight].
[2026-03-16 20:35:54] [INFO] [03.16.26|20:35:54] Load weights [st_gcn_networks.9.gcn.conv.bias].
[2026-03-16 20:35:54] [INFO] [03.16.26|20:35:54] Load weights [st_gcn_networks.9.tcn.0.weight].
[2026-03-16 20:35:54] [INFO] [03.16.26|20:35:54] Load weights [st_gcn_networks.9.tcn.0.bias].
[2026-03-16 20:35:54] [INFO] [03.16.26|20:35:54] Load weights [st_gcn_networks.9.tcn.0.running_mean].
[2026-03-16 20:35:54] [INFO] [03.16.26|20:35:54] Load weights [st_gcn_networks.9.tcn.0.running_var].
[2026-03-16 20:35:54] [INFO] [03.16.26|20:35:54] Load weights [st_gcn_networks.9.tcn.0.num_batches_tracked].
[2026-03-16 20:35:54] [INFO] [03.16.26|20:35:54] Load weights [st_gcn_networks.9.tcn.2.weight].
[2026-03-16 20:35:54] [INFO] [03.16.26|20:35:54] Load weights [st_gcn_networks.9.tcn.2.bias].
[2026-03-16 20:35:54] [INFO] [03.16.26|20:35:54] Load weights [st_gcn_networks.9.tcn.3.weight].
[2026-03-16 20:35:54] [INFO] [03.16.26|20:35:54] Load weights [st_gcn_networks.9.tcn.3.bias].
[2026-03-16 20:35:54] [INFO] [03.16.26|20:35:54] Load weights [st_gcn_networks.9.tcn.3.running_mean].
[2026-03-16 20:35:54] [INFO] [03.16.26|20:35:54] Load weights [st_gcn_networks.9.tcn.3.running_var].
[2026-03-16 20:35:54] [INFO] [03.16.26|20:35:54] Load weights [st_gcn_networks.9.tcn.3.num_batches_tracked].
[2026-03-16 20:35:54] [INFO] [03.16.26|20:35:54] Load weights [edge_importance.0].
[2026-03-16 20:35:54] [INFO] [03.16.26|20:35:54] Load weights [edge_importance.1].
[2026-03-16 20:35:54] [INFO] [03.16.26|20:35:54] Load weights [edge_importance.2].
[2026-03-16 20:35:54] [INFO] [03.16.26|20:35:54] Load weights [edge_importance.3].
[2026-03-16 20:35:54] [INFO] [03.16.26|20:35:54] Load weights [edge_importance.4].
[2026-03-16 20:35:54] [INFO] [03.16.26|20:35:54] Load weights [edge_importance.5].
[2026-03-16 20:35:54] [INFO] [03.16.26|20:35:54] Load weights [edge_importance.6].
[2026-03-16 20:35:54] [INFO] [03.16.26|20:35:54] Load weights [edge_importance.7].
[2026-03-16 20:35:54] [INFO] [03.16.26|20:35:54] Load weights [edge_importance.8].
[2026-03-16 20:35:54] [INFO] [03.16.26|20:35:54] Load weights [edge_importance.9].
[2026-03-16 20:35:54] [INFO] [03.16.26|20:35:54] Can not find weights [fcn.bias].
[2026-03-16 20:35:54] [INFO] [03.16.26|20:35:54] Can not find weights [fcn.weight].
[2026-03-16 20:35:54] [INFO] Feeder is serializable
[2026-03-16 20:35:54] [INFO] [03.16.26|20:35:54] Parameters:
[2026-03-16 20:35:54] [INFO] {'work_dir': 'B:\\ultralytics\\ProjectOptimization\\models\\stgcn\\out3', 'config': 'B:\\ultralytics\\ProjectOptimization\\logs\\run_logs\\_tmp_train_pretrain_1773664552.yaml', 'phase': 'train', 'save_result': False, 'start_epoch': 0, 'num_epoch': 50, 'use_gpu': True, 'device': [0], 'log_interval': 100, 'save_interval': 10, 'eval_interval': 5, 'save_log': True, 'print_log': True, 'pavi_log': False, 'feeder': 'feeder.feeder.Feeder', 'num_worker': 4, 'train_feeder_args': {'random_choose': True, 'random_move': True, 'window_size': 300, 'data_path': 'B:\\ultralytics\\ProjectOptimization\\data\\stgcn_dataset_out3\\train_data_c3v18.npy', 'label_path': 'B:\\ultralytics\\ProjectOptimization\\data\\stgcn_dataset_out3\\train_label.pkl', 'debug': False}, 'test_feeder_args': {'data_path': 'B:\\ultralytics\\ProjectOptimization\\data\\stgcn_dataset_out3\\val_data_c3v18.npy', 'label_path': 'B:\\ultralytics\\ProjectOptimization\\data\\stgcn_dataset_out3\\val_label.pkl'}, 'batch_size': 64, 'test_batch_size': 64, 'debug': False, 'model': 'net.st_gcn.Model', 'model_args': {'in_channels': 3, 'num_class': 10, 'edge_importance_weighting': True, 'graph_args': {'layout': 'openpose', 'strategy': 'spatial'}}, 'weights': 'B:\\ultralytics\\ProjectOptimization\\models\\stgcn\\pretrained\\st_gcn.kinetics.pt', 'ignore_weights': ['fcn'], 'show_topk': [1, 4], 'base_lr': 0.01, 'step': [20, 30, 40, 50], 'optimizer': 'SGD', 'nesterov': True, 'weight_decay': 0.0001, 'num_workers': 4}
[2026-03-16 20:35:54] [INFO] [03.16.26|20:35:54] Training epoch: 0
[2026-03-16 20:35:55] [WARN] 任务已手动停止
[2026-03-16 20:35:55] [INFO] 任务结束: train
[2026-03-16 20:37:04] [INFO] 模型列表刷新完成（完整模式，默认best策略）
[2026-03-16 20:37:22] [INFO] 模型列表刷新完成（精简模式，默认best策略）
[2026-03-16 21:29:18] [INFO] 模型列表刷新完成（精简模式，默认best策略）
[2026-03-16 21:29:27] [INFO] 启动命令: B:\ultralytics\.venv310\Scripts\python.exe B:\ultralytics\ProjectOptimization\scripts\train\train_stgcn_pretrain.py --config B:\ultralytics\ProjectOptimization\configs\train\train_stgcn_out17.yaml --layout yolopose
[2026-03-16 21:29:29] [INFO] [INFO] 本次采用从头训练（不加载初始化权重）。
[2026-03-16 21:29:29] [INFO] [INFO] 训练layout: yolopose
[2026-03-16 21:29:29] [INFO] [INFO] B:\ultralytics\.venv310\Scripts\python.exe B:\ultralytics\ProjectOptimization\src\ultralytics-main\main.py recognition -c B:\ultralytics\ProjectOptimization\logs\run_logs\_tmp_train_pretrain_1773667769.yaml
[2026-03-16 21:29:31] [INFO] Feeder is serializable
[2026-03-16 21:29:31] [INFO] [03.16.26|21:29:31] Parameters:
[2026-03-16 21:29:31] [INFO] {'work_dir': 'B:\\models\\stgcn\\out17', 'config': 'B:\\ultralytics\\ProjectOptimization\\logs\\run_logs\\_tmp_train_pretrain_1773667769.yaml', 'phase': 'train', 'save_result': False, 'start_epoch': 0, 'num_epoch': 50, 'use_gpu': True, 'device': [0], 'log_interval': 100, 'save_interval': 10, 'eval_interval': 5, 'save_log': True, 'print_log': True, 'pavi_log': False, 'feeder': 'feeder.feeder.Feeder', 'num_worker': 4, 'train_feeder_args': {'random_choose': True, 'random_move': True, 'window_size': 300, 'data_path': 'B:\\ultralytics\\ProjectOptimization\\data\\stgcn_dataset_out17\\stgcn_dataset_out\\train_data.npy', 'label_path': 'B:\\ultralytics\\ProjectOptimization\\data\\stgcn_dataset_out17\\stgcn_dataset_out\\train_label.pkl', 'debug': False}, 'test_feeder_args': {'data_path': 'B:\\ultralytics\\ProjectOptimization\\data\\stgcn_dataset_out17\\stgcn_dataset_out\\val_data.npy', 'label_path': 'B:\\ultralytics\\ProjectOptimization\\data\\stgcn_dataset_out17\\stgcn_dataset_out\\val_label.pkl'}, 'batch_size': 64, 'test_batch_size': 64, 'debug': False, 'model': 'net.st_gcn.Model', 'model_args': {'in_channels': 3, 'num_class': 10, 'edge_importance_weighting': True, 'graph_args': {'layout': 'yolopose', 'strategy': 'spatial'}}, 'weights': None, 'ignore_weights': [], 'show_topk': [1, 4], 'base_lr': 0.01, 'step': [20, 30, 40, 50], 'optimizer': 'SGD', 'nesterov': True, 'weight_decay': 0.0001, 'num_workers': 4}
[2026-03-16 21:29:31] [INFO] [03.16.26|21:29:31] Training epoch: 0
[2026-03-16 21:29:50] [INFO] [03.16.26|21:29:50] 	Iter 0 Done. | loss: 2.3303 | lr: 0.010000
[2026-03-16 21:31:35] [WARN] 任务已手动停止
[2026-03-16 21:31:35] [INFO] 任务结束: train
[2026-03-16 21:35:51] [INFO] 模型列表刷新完成（精简模式，默认best策略）
[2026-03-16 21:35:57] [INFO] 启动命令: B:\ultralytics\.venv310\Scripts\python.exe B:\ultralytics\ProjectOptimization\scripts\train\train_stgcn_pretrain.py --config B:\ultralytics\ProjectOptimization\configs\train\train_stgcn_out17.yaml --layout yolopose
[2026-03-16 21:35:58] [INFO] [INFO] 本次采用从头训练（不加载初始化权重）。
[2026-03-16 21:35:58] [INFO] [INFO] 训练layout: yolopose
[2026-03-16 21:35:58] [INFO] [INFO] B:\ultralytics\.venv310\Scripts\python.exe B:\ultralytics\ProjectOptimization\src\ultralytics-main\main.py recognition -c B:\ultralytics\ProjectOptimization\logs\run_logs\_tmp_train_pretrain_1773668158.yaml
[2026-03-16 21:36:00] [INFO] Feeder is serializable
[2026-03-16 21:36:01] [INFO] [03.16.26|21:36:01] Parameters:
[2026-03-16 21:36:01] [INFO] {'work_dir': 'B:\\ultralytics\\ProjectOptimization\\models\\stgcn\\out17', 'config': 'B:\\ultralytics\\ProjectOptimization\\logs\\run_logs\\_tmp_train_pretrain_1773668158.yaml', 'phase': 'train', 'save_result': False, 'start_epoch': 0, 'num_epoch': 50, 'use_gpu': True, 'device': [0], 'log_interval': 100, 'save_interval': 10, 'eval_interval': 5, 'save_log': True, 'print_log': True, 'pavi_log': False, 'feeder': 'feeder.feeder.Feeder', 'num_worker': 4, 'train_feeder_args': {'random_choose': True, 'random_move': True, 'window_size': 300, 'data_path': 'B:\\ultralytics\\ProjectOptimization\\data\\stgcn_dataset_out17\\stgcn_dataset_out\\train_data.npy', 'label_path': 'B:\\ultralytics\\ProjectOptimization\\data\\stgcn_dataset_out17\\stgcn_dataset_out\\train_label.pkl', 'debug': False}, 'test_feeder_args': {'data_path': 'B:\\ultralytics\\ProjectOptimization\\data\\stgcn_dataset_out17\\stgcn_dataset_out\\val_data.npy', 'label_path': 'B:\\ultralytics\\ProjectOptimization\\data\\stgcn_dataset_out17\\stgcn_dataset_out\\val_label.pkl'}, 'batch_size': 64, 'test_batch_size': 64, 'debug': False, 'model': 'net.st_gcn.Model', 'model_args': {'in_channels': 3, 'num_class': 10, 'edge_importance_weighting': True, 'graph_args': {'layout': 'yolopose', 'strategy': 'spatial'}}, 'weights': None, 'ignore_weights': [], 'show_topk': [1, 4], 'base_lr': 0.01, 'step': [20, 30, 40, 50], 'optimizer': 'SGD', 'nesterov': True, 'weight_decay': 0.0001, 'num_workers': 4}
[2026-03-16 21:36:01] [INFO] [03.16.26|21:36:01] Training epoch: 0
[2026-03-16 21:36:19] [INFO] [03.16.26|21:36:19] 	Iter 0 Done. | loss: 2.3118 | lr: 0.010000
[2026-03-16 21:37:55] [WARN] 任务已手动停止
[2026-03-16 21:37:55] [INFO] 任务结束: train
[2026-03-16 21:39:10] [INFO] 模型列表刷新完成（精简模式，默认best策略）
[2026-03-16 21:39:10] [INFO] Load weights [x]
[2026-03-16 21:39:10] [INFO] Training epoch: 1
[2026-03-16 21:40:07] [INFO] 模型列表刷新完成（精简模式，默认best策略）
[2026-03-16 21:40:38] [INFO] 启动命令: B:\ultralytics\.venv310\Scripts\python.exe B:\ultralytics\ProjectOptimization\scripts\env\check_env.py
[2026-03-16 21:40:39] [INFO] [INFO] Python: 3.10.11 | exe: B:\ultralytics\.venv310\Scripts\python.exe
[2026-03-16 21:40:40] [INFO] WARNING ⚠️ Ultralytics settings reset to default values. This may be due to a possible problem with your settings or a recent ultralytics package update. 
[2026-03-16 21:40:40] [INFO] View Ultralytics Settings with 'yolo settings' or at 'C:\Users\YiLanQiu\AppData\Roaming\Ultralytics\settings.json'
[2026-03-16 21:40:40] [INFO] Update Settings with 'yolo settings key=value', i.e. 'yolo settings runs_dir=path/to/dir'. For help see https://docs.ultralytics.com/quickstart/#ultralytics-settings.
[2026-03-16 21:40:41] [INFO] [INFO] Torch: 2.4.1+cu121
[2026-03-16 21:40:41] [INFO] [INFO] CUDA available: True
[2026-03-16 21:40:41] [INFO] [INFO] GPU: NVIDIA GeForce RTX 4060 Laptop GPU
[2026-03-16 21:40:41] [INFO] [OK] Environment check passed.
[2026-03-16 21:40:41] [INFO] [0m
[2026-03-16 21:40:42] [INFO] 任务结束: env
[2026-03-16 21:40:50] [INFO] 启动命令: B:\ultralytics\.venv310\Scripts\python.exe B:\ultralytics\ProjectOptimization\scripts\train\train_stgcn_pretrain.py --config B:\ultralytics\ProjectOptimization\configs\train\train_stgcn_out17.yaml --layout yolopose
[2026-03-16 21:40:52] [INFO] [INFO] 本次采用从头训练（不加载初始化权重）。
[2026-03-16 21:40:52] [INFO] [INFO] 训练layout: yolopose
[2026-03-16 21:40:52] [INFO] [INFO] B:\ultralytics\.venv310\Scripts\python.exe B:\ultralytics\ProjectOptimization\src\ultralytics-main\main.py recognition -c B:\ultralytics\ProjectOptimization\logs\run_logs\_tmp_train_pretrain_1773668452.yaml --log_interval 1
[2026-03-16 21:40:54] [INFO] Feeder is serializable
[2026-03-16 21:40:54] [INFO] [03.16.26|21:40:54] Parameters:
[2026-03-16 21:40:54] [INFO] {'work_dir': 'B:\\ultralytics\\ProjectOptimization\\models\\stgcn\\out17', 'config': 'B:\\ultralytics\\ProjectOptimization\\logs\\run_logs\\_tmp_train_pretrain_1773668452.yaml', 'phase': 'train', 'save_result': False, 'start_epoch': 0, 'num_epoch': 50, 'use_gpu': True, 'device': [0], 'log_interval': 1, 'save_interval': 10, 'eval_interval': 5, 'save_log': True, 'print_log': True, 'pavi_log': False, 'feeder': 'feeder.feeder.Feeder', 'num_worker': 4, 'train_feeder_args': {'random_choose': True, 'random_move': True, 'window_size': 300, 'data_path': 'B:\\ultralytics\\ProjectOptimization\\data\\stgcn_dataset_out17\\stgcn_dataset_out\\train_data.npy', 'label_path': 'B:\\ultralytics\\ProjectOptimization\\data\\stgcn_dataset_out17\\stgcn_dataset_out\\train_label.pkl', 'debug': False}, 'test_feeder_args': {'data_path': 'B:\\ultralytics\\ProjectOptimization\\data\\stgcn_dataset_out17\\stgcn_dataset_out\\val_data.npy', 'label_path': 'B:\\ultralytics\\ProjectOptimization\\data\\stgcn_dataset_out17\\stgcn_dataset_out\\val_label.pkl'}, 'batch_size': 64, 'test_batch_size': 64, 'debug': False, 'model': 'net.st_gcn.Model', 'model_args': {'in_channels': 3, 'num_class': 10, 'edge_importance_weighting': True, 'graph_args': {'layout': 'yolopose', 'strategy': 'spatial'}}, 'weights': None, 'ignore_weights': [], 'show_topk': [1, 4], 'base_lr': 0.01, 'step': [20, 30, 40, 50], 'optimizer': 'SGD', 'nesterov': True, 'weight_decay': 0.0001, 'num_workers': 4}
[2026-03-16 21:40:54] [INFO] [03.16.26|21:40:54] Training epoch: 0
[2026-03-16 21:41:12] [INFO] [03.16.26|21:41:12] 	Iter 0 Done. | loss: 2.3723 | lr: 0.010000
[2026-03-16 21:41:28] [INFO] [03.16.26|21:41:28] 	Iter 1 Done. | loss: 2.2390 | lr: 0.010000
[2026-03-16 21:41:43] [INFO] [03.16.26|21:41:43] 	Iter 2 Done. | loss: 2.2025 | lr: 0.010000
[2026-03-16 21:41:58] [INFO] [03.16.26|21:41:58] 	Iter 3 Done. | loss: 2.2201 | lr: 0.010000
[2026-03-16 21:42:14] [INFO] [03.16.26|21:42:14] 	Iter 4 Done. | loss: 2.1106 | lr: 0.010000
[2026-03-16 21:42:29] [INFO] [03.16.26|21:42:29] 	Iter 5 Done. | loss: 2.0620 | lr: 0.010000
[2026-03-16 21:42:45] [INFO] [03.16.26|21:42:45] 	Iter 6 Done. | loss: 2.1097 | lr: 0.010000
[2026-03-16 21:43:40] [INFO] 模型列表刷新完成（精简模式，默认best策略）
[2026-03-16 21:45:00] [INFO] 模型列表刷新完成（精简模式，默认best策略）
[2026-03-16 21:45:18] [INFO] 启动命令: B:\ultralytics\.venv310\Scripts\python.exe B:\ultralytics\ProjectOptimization\scripts\env\check_env.py
[2026-03-16 21:45:18] [INFO] [INFO] Python: 3.10.11 | exe: B:\ultralytics\.venv310\Scripts\python.exe
[2026-03-16 21:45:20] [INFO] WARNING ⚠️ Ultralytics settings reset to default values. This may be due to a possible problem with your settings or a recent ultralytics package update. 
[2026-03-16 21:45:20] [INFO] View Ultralytics Settings with 'yolo settings' or at 'C:\Users\YiLanQiu\AppData\Roaming\Ultralytics\settings.json'
[2026-03-16 21:45:20] [INFO] Update Settings with 'yolo settings key=value', i.e. 'yolo settings runs_dir=path/to/dir'. For help see https://docs.ultralytics.com/quickstart/#ultralytics-settings.
[2026-03-16 21:45:21] [INFO] [INFO] Torch: 2.4.1+cu121
[2026-03-16 21:45:21] [INFO] [INFO] CUDA available: True
[2026-03-16 21:45:21] [INFO] [INFO] GPU: NVIDIA GeForce RTX 4060 Laptop GPU
[2026-03-16 21:45:21] [INFO] [OK] Environment check passed.
[2026-03-16 21:45:21] [INFO] [0m
[2026-03-16 21:45:21] [INFO] 任务结束: env
[2026-03-16 21:46:04] [INFO] 启动命令: B:\ultralytics\.venv310\Scripts\python.exe B:\ultralytics\ProjectOptimization\scripts\train\train_stgcn_pretrain.py --config B:\ultralytics\ProjectOptimization\configs\train\train_stgcn_out17.yaml --layout yolopose
[2026-03-16 21:46:06] [INFO] [INFO] 本次采用从头训练（不加载初始化权重）。
[2026-03-16 21:46:06] [INFO] [INFO] 训练layout: yolopose
[2026-03-16 21:46:06] [INFO] [INFO] B:\ultralytics\.venv310\Scripts\python.exe B:\ultralytics\ProjectOptimization\src\ultralytics-main\main.py recognition -c B:\ultralytics\ProjectOptimization\logs\run_logs\_tmp_train_pretrain_1773668766.yaml --log_interval 1
[2026-03-16 21:46:08] [INFO] Feeder is serializable
[2026-03-16 21:46:08] [INFO] [03.16.26|21:46:08] Parameters:
[2026-03-16 21:46:08] [INFO] {'work_dir': 'B:\\ultralytics\\ProjectOptimization\\models\\stgcn\\out17', 'config': 'B:\\ultralytics\\ProjectOptimization\\logs\\run_logs\\_tmp_train_pretrain_1773668766.yaml', 'phase': 'train', 'save_result': False, 'start_epoch': 0, 'num_epoch': 50, 'use_gpu': True, 'device': [0], 'log_interval': 1, 'save_interval': 10, 'eval_interval': 5, 'save_log': True, 'print_log': True, 'pavi_log': False, 'feeder': 'feeder.feeder.Feeder', 'num_worker': 4, 'train_feeder_args': {'random_choose': True, 'random_move': True, 'window_size': 300, 'data_path': 'B:\\ultralytics\\ProjectOptimization\\data\\stgcn_dataset_out17\\stgcn_dataset_out\\train_data.npy', 'label_path': 'B:\\ultralytics\\ProjectOptimization\\data\\stgcn_dataset_out17\\stgcn_dataset_out\\train_label.pkl', 'debug': False}, 'test_feeder_args': {'data_path': 'B:\\ultralytics\\ProjectOptimization\\data\\stgcn_dataset_out17\\stgcn_dataset_out\\val_data.npy', 'label_path': 'B:\\ultralytics\\ProjectOptimization\\data\\stgcn_dataset_out17\\stgcn_dataset_out\\val_label.pkl'}, 'batch_size': 64, 'test_batch_size': 64, 'debug': False, 'model': 'net.st_gcn.Model', 'model_args': {'in_channels': 3, 'num_class': 10, 'edge_importance_weighting': True, 'graph_args': {'layout': 'yolopose', 'strategy': 'spatial'}}, 'weights': None, 'ignore_weights': [], 'show_topk': [1, 4], 'base_lr': 0.01, 'step': [20, 30, 40, 50], 'optimizer': 'SGD', 'nesterov': True, 'weight_decay': 0.0001, 'num_workers': 4}
[2026-03-16 21:46:08] [INFO] [03.16.26|21:46:08] Training epoch: 0
[2026-03-16 21:46:27] [INFO] [03.16.26|21:46:27] 	Iter 0 Done. | loss: 2.3371 | lr: 0.010000
[2026-03-16 21:46:43] [INFO] [03.16.26|21:46:43] 	Iter 1 Done. | loss: 2.3312 | lr: 0.010000
[2026-03-16 21:46:58] [INFO] [03.16.26|21:46:58] 	Iter 2 Done. | loss: 2.2202 | lr: 0.010000
[2026-03-16 21:47:14] [INFO] [03.16.26|21:47:14] 	Iter 3 Done. | loss: 2.1229 | lr: 0.010000
[2026-03-16 21:47:31] [INFO] [03.16.26|21:47:31] 	Iter 4 Done. | loss: 2.1969 | lr: 0.010000
[2026-03-16 21:47:48] [INFO] [03.16.26|21:47:48] 	Iter 5 Done. | loss: 1.8560 | lr: 0.010000
[2026-03-16 21:48:04] [INFO] [03.16.26|21:48:04] 	Iter 6 Done. | loss: 2.4780 | lr: 0.010000
[2026-03-16 21:48:31] [INFO] [03.16.26|21:48:31] 	Iter 7 Done. | loss: 1.9698 | lr: 0.010000
[2026-03-16 21:48:47] [INFO] [03.16.26|21:48:47] 	Iter 8 Done. | loss: 1.9949 | lr: 0.010000
[2026-03-16 21:49:03] [INFO] [03.16.26|21:49:03] 	Iter 9 Done. | loss: 1.9467 | lr: 0.010000
[2026-03-16 21:49:03] [INFO] [03.16.26|21:49:03] 	mean_loss: 2.14537171125412
[2026-03-16 21:49:03] [INFO] [03.16.26|21:49:03] Time consumption:
[2026-03-16 21:49:03] [INFO] [03.16.26|21:49:03] Done.
[2026-03-16 21:49:03] [INFO] [03.16.26|21:49:03] Training epoch: 1
[2026-03-16 21:49:19] [INFO] [03.16.26|21:49:19] 	Iter 10 Done. | loss: 1.6960 | lr: 0.010000
[2026-03-16 21:49:36] [INFO] [03.16.26|21:49:36] 	Iter 11 Done. | loss: 1.7497 | lr: 0.010000
[2026-03-16 21:49:52] [INFO] [03.16.26|21:49:52] 	Iter 12 Done. | loss: 1.7077 | lr: 0.010000
[2026-03-16 21:50:09] [INFO] [03.16.26|21:50:09] 	Iter 13 Done. | loss: 1.7462 | lr: 0.010000
[2026-03-16 21:50:26] [INFO] [03.16.26|21:50:26] 	Iter 14 Done. | loss: 1.6803 | lr: 0.010000
[2026-03-16 21:50:43] [INFO] [03.16.26|21:50:43] 	Iter 15 Done. | loss: 1.6036 | lr: 0.010000
[2026-03-16 21:51:01] [INFO] [03.16.26|21:51:01] 	Iter 16 Done. | loss: 1.6897 | lr: 0.010000
[2026-03-16 21:51:18] [INFO] [03.16.26|21:51:18] 	Iter 17 Done. | loss: 1.6358 | lr: 0.010000
[2026-03-16 21:51:34] [INFO] [03.16.26|21:51:34] 	Iter 18 Done. | loss: 1.6830 | lr: 0.010000
[2026-03-16 21:51:50] [INFO] [03.16.26|21:51:50] 	Iter 19 Done. | loss: 1.4318 | lr: 0.010000
[2026-03-16 21:51:50] [INFO] [03.16.26|21:51:50] 	mean_loss: 1.6623733520507813
[2026-03-16 21:51:50] [INFO] [03.16.26|21:51:50] Time consumption:
[2026-03-16 21:51:50] [INFO] [03.16.26|21:51:50] Done.
[2026-03-16 21:51:50] [INFO] [03.16.26|21:51:50] Training epoch: 2
[2026-03-16 21:52:06] [INFO] [03.16.26|21:52:06] 	Iter 20 Done. | loss: 1.5722 | lr: 0.010000
[2026-03-16 21:52:23] [INFO] [03.16.26|21:52:23] 	Iter 21 Done. | loss: 1.5645 | lr: 0.010000
[2026-03-16 21:52:27] [INFO] 模型列表刷新完成（精简模式，默认best策略）
[2026-03-16 21:52:39] [INFO] [03.16.26|21:52:39] 	Iter 22 Done. | loss: 1.5471 | lr: 0.010000
[2026-03-16 21:52:55] [INFO] [03.16.26|21:52:55] 	Iter 23 Done. | loss: 1.5168 | lr: 0.010000
[2026-03-16 21:53:11] [INFO] [03.16.26|21:53:11] 	Iter 24 Done. | loss: 1.4775 | lr: 0.010000
[2026-03-16 21:53:28] [INFO] [03.16.26|21:53:28] 	Iter 25 Done. | loss: 1.3524 | lr: 0.010000
[2026-03-16 21:53:46] [INFO] [03.16.26|21:53:46] 	Iter 26 Done. | loss: 1.4512 | lr: 0.010000
[2026-03-16 21:54:03] [INFO] [03.16.26|21:54:03] 	Iter 27 Done. | loss: 1.4579 | lr: 0.010000
[2026-03-16 21:54:21] [INFO] [03.16.26|21:54:21] 	Iter 28 Done. | loss: 1.3758 | lr: 0.010000
[2026-03-16 21:54:38] [INFO] [03.16.26|21:54:38] 	Iter 29 Done. | loss: 1.5733 | lr: 0.010000
[2026-03-16 21:54:38] [INFO] [03.16.26|21:54:38] 	mean_loss: 1.4888604283332825
[2026-03-16 21:54:38] [INFO] [03.16.26|21:54:38] Time consumption:
[2026-03-16 21:54:38] [INFO] [03.16.26|21:54:38] Done.
[2026-03-16 21:54:38] [INFO] [03.16.26|21:54:38] Training epoch: 3
[2026-03-16 21:54:55] [INFO] [03.16.26|21:54:55] 	Iter 30 Done. | loss: 1.1476 | lr: 0.010000
[2026-03-16 21:55:12] [INFO] [03.16.26|21:55:12] 	Iter 31 Done. | loss: 1.3694 | lr: 0.010000
[2026-03-16 21:55:29] [INFO] [03.16.26|21:55:29] 	Iter 32 Done. | loss: 1.3252 | lr: 0.010000
[2026-03-16 21:55:31] [INFO] 模型列表刷新完成（精简模式，默认best策略）
[2026-03-16 21:55:46] [INFO] [03.16.26|21:55:46] 	Iter 33 Done. | loss: 1.1922 | lr: 0.010000
[2026-03-16 21:56:03] [INFO] [03.16.26|21:56:03] 	Iter 34 Done. | loss: 1.0999 | lr: 0.010000
[2026-03-16 21:56:20] [INFO] [03.16.26|21:56:20] 	Iter 35 Done. | loss: 1.0621 | lr: 0.010000
[2026-03-16 21:56:36] [INFO] [03.16.26|21:56:36] 	Iter 36 Done. | loss: 1.2378 | lr: 0.010000
[2026-03-16 21:56:52] [INFO] [03.16.26|21:56:52] 	Iter 37 Done. | loss: 1.3783 | lr: 0.010000
[2026-03-16 21:57:08] [INFO] [03.16.26|21:57:08] 	Iter 38 Done. | loss: 1.2400 | lr: 0.010000
[2026-03-16 21:57:25] [INFO] [03.16.26|21:57:25] 	Iter 39 Done. | loss: 1.1090 | lr: 0.010000
[2026-03-16 21:57:25] [INFO] [03.16.26|21:57:25] 	mean_loss: 1.216143250465393
[2026-03-16 21:57:25] [INFO] [03.16.26|21:57:25] Time consumption:
[2026-03-16 21:57:25] [INFO] [03.16.26|21:57:25] Done.
[2026-03-16 21:57:25] [INFO] [03.16.26|21:57:25] Training epoch: 4
[2026-03-16 21:57:41] [INFO] [03.16.26|21:57:41] 	Iter 40 Done. | loss: 1.1344 | lr: 0.010000
[2026-03-16 21:57:57] [INFO] [03.16.26|21:57:57] 	Iter 41 Done. | loss: 0.9705 | lr: 0.010000
[2026-03-16 21:58:13] [INFO] [03.16.26|21:58:13] 	Iter 42 Done. | loss: 1.1052 | lr: 0.010000
[2026-03-16 21:58:29] [INFO] [03.16.26|21:58:29] 	Iter 43 Done. | loss: 1.2281 | lr: 0.010000
[2026-03-16 21:58:46] [INFO] [03.16.26|21:58:46] 	Iter 44 Done. | loss: 1.2536 | lr: 0.010000
[2026-03-16 21:59:02] [INFO] [03.16.26|21:59:02] 	Iter 45 Done. | loss: 1.3243 | lr: 0.010000
[2026-03-16 21:59:18] [INFO] [03.16.26|21:59:18] 	Iter 46 Done. | loss: 0.8961 | lr: 0.010000
[2026-03-16 21:59:34] [INFO] [03.16.26|21:59:34] 	Iter 47 Done. | loss: 1.3675 | lr: 0.010000
[2026-03-16 21:59:51] [INFO] [03.16.26|21:59:51] 	Iter 48 Done. | loss: 1.1688 | lr: 0.010000
[2026-03-16 22:00:07] [INFO] [03.16.26|22:00:07] 	Iter 49 Done. | loss: 1.0817 | lr: 0.010000
[2026-03-16 22:00:07] [INFO] [03.16.26|22:00:07] 	mean_loss: 1.1530256688594818
[2026-03-16 22:00:07] [INFO] [03.16.26|22:00:07] Time consumption:
[2026-03-16 22:00:07] [INFO] [03.16.26|22:00:07] Done.
[2026-03-16 22:00:07] [INFO] [03.16.26|22:00:07] Eval epoch: 4
[2026-03-16 22:00:28] [INFO] [0m
[2026-03-16 22:00:28] [INFO] [0m[0m[0m
[2026-03-16 22:00:28] [INFO] [03.16.26|22:00:28] 	mean_loss: 1.3550729354222615
[2026-03-16 22:00:28] [INFO] [03.16.26|22:00:28] 	Top1: 52.15%
[2026-03-16 22:00:28] [INFO] [03.16.26|22:00:28] 	Top4: 93.01%
[2026-03-16 22:00:28] [INFO] [03.16.26|22:00:28] The model has been saved as B:\ultralytics\ProjectOptimization\models\stgcn\out17/best.pt.
[2026-03-16 22:00:28] [INFO] [03.16.26|22:00:28] New best Top1: 52.15% at epoch 5.
[2026-03-16 22:00:28] [INFO] [03.16.26|22:00:28] Done.
[2026-03-16 22:00:28] [INFO] [03.16.26|22:00:28] Training epoch: 5
[2026-03-16 22:00:44] [INFO] [03.16.26|22:00:44] 	Iter 50 Done. | loss: 1.0749 | lr: 0.010000
[2026-03-16 22:01:01] [INFO] [03.16.26|22:01:01] 	Iter 51 Done. | loss: 0.9694 | lr: 0.010000
[2026-03-16 22:01:17] [INFO] [03.16.26|22:01:17] 	Iter 52 Done. | loss: 0.9080 | lr: 0.010000
[2026-03-16 22:01:33] [INFO] [03.16.26|22:01:33] 	Iter 53 Done. | loss: 1.2476 | lr: 0.010000
[2026-03-16 22:01:49] [INFO] [03.16.26|22:01:49] 	Iter 54 Done. | loss: 1.0724 | lr: 0.010000
[2026-03-16 22:02:05] [INFO] [03.16.26|22:02:05] 	Iter 55 Done. | loss: 0.9331 | lr: 0.010000
[2026-03-16 22:02:22] [INFO] [03.16.26|22:02:22] 	Iter 56 Done. | loss: 0.9948 | lr: 0.010000
[2026-03-16 22:02:38] [INFO] [03.16.26|22:02:38] 	Iter 57 Done. | loss: 0.9991 | lr: 0.010000
[2026-03-16 22:02:54] [INFO] [03.16.26|22:02:54] 	Iter 58 Done. | loss: 0.9769 | lr: 0.010000
[2026-03-16 22:03:10] [INFO] [03.16.26|22:03:10] 	Iter 59 Done. | loss: 1.0090 | lr: 0.010000
[2026-03-16 22:03:10] [INFO] [03.16.26|22:03:10] 	mean_loss: 1.0185179531574249
[2026-03-16 22:03:10] [INFO] [03.16.26|22:03:10] Time consumption:
[2026-03-16 22:03:10] [INFO] [03.16.26|22:03:10] Done.
[2026-03-16 22:03:10] [INFO] [03.16.26|22:03:10] Training epoch: 6
[2026-03-16 22:03:27] [INFO] [03.16.26|22:03:27] 	Iter 60 Done. | loss: 0.9866 | lr: 0.010000
[2026-03-16 22:03:43] [INFO] [03.16.26|22:03:43] 	Iter 61 Done. | loss: 0.7614 | lr: 0.010000
[2026-03-16 22:03:59] [INFO] [03.16.26|22:03:59] 	Iter 62 Done. | loss: 0.8981 | lr: 0.010000
[2026-03-16 22:04:15] [INFO] [03.16.26|22:04:15] 	Iter 63 Done. | loss: 0.8970 | lr: 0.010000
[2026-03-16 22:04:32] [INFO] [03.16.26|22:04:32] 	Iter 64 Done. | loss: 0.8189 | lr: 0.010000
[2026-03-16 22:04:48] [INFO] [03.16.26|22:04:48] 	Iter 65 Done. | loss: 0.8954 | lr: 0.010000
[2026-03-16 22:05:04] [INFO] [03.16.26|22:05:04] 	Iter 66 Done. | loss: 0.7145 | lr: 0.010000
[2026-03-16 22:05:20] [INFO] [03.16.26|22:05:20] 	Iter 67 Done. | loss: 0.7850 | lr: 0.010000
[2026-03-16 22:05:37] [INFO] [03.16.26|22:05:37] 	Iter 68 Done. | loss: 1.0599 | lr: 0.010000
[2026-03-16 22:05:53] [INFO] [03.16.26|22:05:53] 	Iter 69 Done. | loss: 0.8746 | lr: 0.010000
[2026-03-16 22:05:53] [INFO] [03.16.26|22:05:53] 	mean_loss: 0.8691375315189361
[2026-03-16 22:05:53] [INFO] [03.16.26|22:05:53] Time consumption:
[2026-03-16 22:05:53] [INFO] [03.16.26|22:05:53] Done.
[2026-03-16 22:05:53] [INFO] [03.16.26|22:05:53] Training epoch: 7
[2026-03-16 22:06:09] [INFO] [03.16.26|22:06:09] 	Iter 70 Done. | loss: 0.6803 | lr: 0.010000
[2026-03-16 22:06:25] [INFO] [03.16.26|22:06:25] 	Iter 71 Done. | loss: 0.6632 | lr: 0.010000
[2026-03-16 22:06:42] [INFO] [03.16.26|22:06:42] 	Iter 72 Done. | loss: 0.7456 | lr: 0.010000
[2026-03-16 22:06:58] [INFO] [03.16.26|22:06:58] 	Iter 73 Done. | loss: 0.6920 | lr: 0.010000
[2026-03-16 22:07:14] [INFO] [03.16.26|22:07:14] 	Iter 74 Done. | loss: 0.9145 | lr: 0.010000
[2026-03-16 22:07:30] [INFO] [03.16.26|22:07:30] 	Iter 75 Done. | loss: 0.7552 | lr: 0.010000
[2026-03-16 22:07:46] [INFO] [03.16.26|22:07:46] 	Iter 76 Done. | loss: 0.7455 | lr: 0.010000
[2026-03-16 22:08:03] [INFO] [03.16.26|22:08:03] 	Iter 77 Done. | loss: 0.8035 | lr: 0.010000
[2026-03-16 22:08:19] [INFO] [03.16.26|22:08:19] 	Iter 78 Done. | loss: 0.7245 | lr: 0.010000
[2026-03-16 22:08:35] [INFO] [03.16.26|22:08:35] 	Iter 79 Done. | loss: 0.6545 | lr: 0.010000
[2026-03-16 22:08:35] [INFO] [03.16.26|22:08:35] 	mean_loss: 0.7378810942173004
[2026-03-16 22:08:35] [INFO] [03.16.26|22:08:35] Time consumption:
[2026-03-16 22:08:35] [INFO] [03.16.26|22:08:35] Done.
[2026-03-16 22:08:35] [INFO] [03.16.26|22:08:35] Training epoch: 8
[2026-03-16 22:08:51] [INFO] [03.16.26|22:08:51] 	Iter 80 Done. | loss: 0.6097 | lr: 0.010000
[2026-03-16 22:09:08] [INFO] [03.16.26|22:09:08] 	Iter 81 Done. | loss: 0.7594 | lr: 0.010000
[2026-03-16 22:09:24] [INFO] [03.16.26|22:09:24] 	Iter 82 Done. | loss: 0.9418 | lr: 0.010000
[2026-03-16 22:09:40] [INFO] [03.16.26|22:09:40] 	Iter 83 Done. | loss: 0.8211 | lr: 0.010000
[2026-03-16 22:09:56] [INFO] [03.16.26|22:09:56] 	Iter 84 Done. | loss: 0.8301 | lr: 0.010000
[2026-03-16 22:10:13] [INFO] [03.16.26|22:10:13] 	Iter 85 Done. | loss: 0.6761 | lr: 0.010000
[2026-03-16 22:10:29] [INFO] [03.16.26|22:10:29] 	Iter 86 Done. | loss: 0.9598 | lr: 0.010000
[2026-03-16 22:10:45] [INFO] [03.16.26|22:10:45] 	Iter 87 Done. | loss: 0.6467 | lr: 0.010000
[2026-03-16 22:11:01] [INFO] [03.16.26|22:11:01] 	Iter 88 Done. | loss: 0.8622 | lr: 0.010000
[2026-03-16 22:11:17] [INFO] [03.16.26|22:11:17] 	Iter 89 Done. | loss: 0.7859 | lr: 0.010000
[2026-03-16 22:11:17] [INFO] [03.16.26|22:11:17] 	mean_loss: 0.7892704486846924
[2026-03-16 22:11:17] [INFO] [03.16.26|22:11:17] Time consumption:
[2026-03-16 22:11:17] [INFO] [03.16.26|22:11:17] Done.
[2026-03-16 22:11:17] [INFO] [03.16.26|22:11:17] Training epoch: 9
[2026-03-16 22:11:34] [INFO] [03.16.26|22:11:34] 	Iter 90 Done. | loss: 0.7847 | lr: 0.010000
[2026-03-16 22:11:50] [INFO] [03.16.26|22:11:50] 	Iter 91 Done. | loss: 0.5653 | lr: 0.010000
[2026-03-16 22:12:06] [INFO] [03.16.26|22:12:06] 	Iter 92 Done. | loss: 0.8862 | lr: 0.010000
[2026-03-16 22:12:22] [INFO] [03.16.26|22:12:22] 	Iter 93 Done. | loss: 0.9515 | lr: 0.010000
[2026-03-16 22:12:39] [INFO] [03.16.26|22:12:39] 	Iter 94 Done. | loss: 0.7057 | lr: 0.010000
[2026-03-16 22:12:55] [INFO] [03.16.26|22:12:55] 	Iter 95 Done. | loss: 0.7243 | lr: 0.010000
[2026-03-16 22:13:11] [INFO] [03.16.26|22:13:11] 	Iter 96 Done. | loss: 0.5778 | lr: 0.010000
[2026-03-16 22:13:27] [INFO] [03.16.26|22:13:27] 	Iter 97 Done. | loss: 0.8047 | lr: 0.010000
[2026-03-16 22:13:44] [INFO] [03.16.26|22:13:44] 	Iter 98 Done. | loss: 0.5827 | lr: 0.010000
[2026-03-16 22:14:00] [INFO] [03.16.26|22:14:00] 	Iter 99 Done. | loss: 0.7454 | lr: 0.010000
[2026-03-16 22:14:00] [INFO] [03.16.26|22:14:00] 	mean_loss: 0.7328159213066101
[2026-03-16 22:14:00] [INFO] [03.16.26|22:14:00] Time consumption:
[2026-03-16 22:14:00] [INFO] [03.16.26|22:14:00] Done.
[2026-03-16 22:14:00] [INFO] [03.16.26|22:14:00] The model has been saved as B:\ultralytics\ProjectOptimization\models\stgcn\out17/epoch10_model.pt.
[2026-03-16 22:14:00] [INFO] [03.16.26|22:14:00] Eval epoch: 9
[2026-03-16 22:14:19] [INFO] [0m
[2026-03-16 22:14:19] [INFO] [0m[0m[0m
[2026-03-16 22:14:20] [INFO] [03.16.26|22:14:20] 	mean_loss: 1.3957510789235432
[2026-03-16 22:14:20] [INFO] [03.16.26|22:14:20] 	Top1: 56.99%
[2026-03-16 22:14:20] [INFO] [03.16.26|22:14:20] 	Top4: 89.25%
[2026-03-16 22:14:20] [INFO] [03.16.26|22:14:20] The model has been saved as B:\ultralytics\ProjectOptimization\models\stgcn\out17/best.pt.
[2026-03-16 22:14:20] [INFO] [03.16.26|22:14:20] New best Top1: 56.99% at epoch 10.
[2026-03-16 22:14:20] [INFO] [03.16.26|22:14:20] Done.
[2026-03-16 22:14:20] [INFO] [03.16.26|22:14:20] Training epoch: 10
[2026-03-16 22:14:36] [INFO] [03.16.26|22:14:36] 	Iter 100 Done. | loss: 0.5055 | lr: 0.010000
[2026-03-16 22:14:52] [INFO] [03.16.26|22:14:52] 	Iter 101 Done. | loss: 0.7576 | lr: 0.010000
[2026-03-16 22:15:08] [INFO] [03.16.26|22:15:08] 	Iter 102 Done. | loss: 0.4556 | lr: 0.010000
[2026-03-16 22:15:24] [INFO] [03.16.26|22:15:24] 	Iter 103 Done. | loss: 0.8246 | lr: 0.010000
[2026-03-16 22:15:41] [INFO] [03.16.26|22:15:41] 	Iter 104 Done. | loss: 0.6624 | lr: 0.010000
[2026-03-16 22:15:57] [INFO] [03.16.26|22:15:57] 	Iter 105 Done. | loss: 0.6360 | lr: 0.010000
[2026-03-16 22:16:13] [INFO] [03.16.26|22:16:13] 	Iter 106 Done. | loss: 0.8365 | lr: 0.010000
[2026-03-16 22:16:29] [INFO] [03.16.26|22:16:29] 	Iter 107 Done. | loss: 0.6211 | lr: 0.010000
[2026-03-16 22:16:46] [INFO] [03.16.26|22:16:46] 	Iter 108 Done. | loss: 0.6327 | lr: 0.010000
[2026-03-16 22:17:02] [INFO] [03.16.26|22:17:02] 	Iter 109 Done. | loss: 0.6744 | lr: 0.010000
[2026-03-16 22:17:02] [INFO] [03.16.26|22:17:02] 	mean_loss: 0.6606464505195617
[2026-03-16 22:17:02] [INFO] [03.16.26|22:17:02] Time consumption:
[2026-03-16 22:17:02] [INFO] [03.16.26|22:17:02] Done.
[2026-03-16 22:17:02] [INFO] [03.16.26|22:17:02] Training epoch: 11
[2026-03-16 22:17:18] [INFO] [03.16.26|22:17:18] 	Iter 110 Done. | loss: 0.5862 | lr: 0.010000
[2026-03-16 22:17:34] [INFO] [03.16.26|22:17:34] 	Iter 111 Done. | loss: 0.7193 | lr: 0.010000
[2026-03-16 22:17:50] [INFO] [03.16.26|22:17:50] 	Iter 112 Done. | loss: 0.7587 | lr: 0.010000
[2026-03-16 22:18:06] [INFO] [03.16.26|22:18:06] 	Iter 113 Done. | loss: 0.6697 | lr: 0.010000
[2026-03-16 22:18:23] [INFO] [03.16.26|22:18:23] 	Iter 114 Done. | loss: 0.6881 | lr: 0.010000
[2026-03-16 22:18:39] [INFO] [03.16.26|22:18:39] 	Iter 115 Done. | loss: 0.6399 | lr: 0.010000
[2026-03-16 22:18:55] [INFO] [03.16.26|22:18:55] 	Iter 116 Done. | loss: 1.1769 | lr: 0.010000
[2026-03-16 22:19:11] [INFO] [03.16.26|22:19:11] 	Iter 117 Done. | loss: 0.7062 | lr: 0.010000
[2026-03-16 22:19:27] [INFO] [03.16.26|22:19:27] 	Iter 118 Done. | loss: 0.7421 | lr: 0.010000
[2026-03-16 22:19:44] [INFO] [03.16.26|22:19:44] 	Iter 119 Done. | loss: 0.4675 | lr: 0.010000
[2026-03-16 22:19:44] [INFO] [03.16.26|22:19:44] 	mean_loss: 0.715445128083229
[2026-03-16 22:19:44] [INFO] [03.16.26|22:19:44] Time consumption:
[2026-03-16 22:19:44] [INFO] [03.16.26|22:19:44] Done.
[2026-03-16 22:19:44] [INFO] [03.16.26|22:19:44] Training epoch: 12
[2026-03-16 22:20:00] [INFO] [03.16.26|22:20:00] 	Iter 120 Done. | loss: 0.6678 | lr: 0.010000
[2026-03-16 22:20:16] [INFO] [03.16.26|22:20:16] 	Iter 121 Done. | loss: 0.9142 | lr: 0.010000
[2026-03-16 22:20:32] [INFO] [03.16.26|22:20:32] 	Iter 122 Done. | loss: 0.5132 | lr: 0.010000
[2026-03-16 22:20:49] [INFO] [03.16.26|22:20:49] 	Iter 123 Done. | loss: 0.6673 | lr: 0.010000
[2026-03-16 22:21:05] [INFO] [03.16.26|22:21:05] 	Iter 124 Done. | loss: 0.6418 | lr: 0.010000
[2026-03-16 22:21:21] [INFO] [03.16.26|22:21:21] 	Iter 125 Done. | loss: 0.5928 | lr: 0.010000
[2026-03-16 22:21:37] [INFO] [03.16.26|22:21:37] 	Iter 126 Done. | loss: 0.6822 | lr: 0.010000
[2026-03-16 22:21:53] [INFO] [03.16.26|22:21:53] 	Iter 127 Done. | loss: 0.5259 | lr: 0.010000
[2026-03-16 22:22:10] [INFO] [03.16.26|22:22:10] 	Iter 128 Done. | loss: 0.6754 | lr: 0.010000
[2026-03-16 22:22:26] [INFO] [03.16.26|22:22:26] 	Iter 129 Done. | loss: 0.7079 | lr: 0.010000
[2026-03-16 22:22:26] [INFO] [03.16.26|22:22:26] 	mean_loss: 0.65885688662529
[2026-03-16 22:22:26] [INFO] [03.16.26|22:22:26] Time consumption:
[2026-03-16 22:22:26] [INFO] [03.16.26|22:22:26] Done.
[2026-03-16 22:22:26] [INFO] [03.16.26|22:22:26] Training epoch: 13
[2026-03-16 22:22:42] [INFO] [03.16.26|22:22:42] 	Iter 130 Done. | loss: 0.5786 | lr: 0.010000
[2026-03-16 22:22:58] [INFO] [03.16.26|22:22:58] 	Iter 131 Done. | loss: 0.4125 | lr: 0.010000
[2026-03-16 22:23:14] [INFO] [03.16.26|22:23:14] 	Iter 132 Done. | loss: 0.6491 | lr: 0.010000
[2026-03-16 22:23:31] [INFO] [03.16.26|22:23:31] 	Iter 133 Done. | loss: 0.6475 | lr: 0.010000
[2026-03-16 22:23:47] [INFO] [03.16.26|22:23:47] 	Iter 134 Done. | loss: 0.4938 | lr: 0.010000
[2026-03-16 22:24:03] [INFO] [03.16.26|22:24:03] 	Iter 135 Done. | loss: 0.6938 | lr: 0.010000
[2026-03-16 22:24:19] [INFO] [03.16.26|22:24:19] 	Iter 136 Done. | loss: 0.5920 | lr: 0.010000
[2026-03-16 22:24:35] [INFO] [03.16.26|22:24:35] 	Iter 137 Done. | loss: 0.4896 | lr: 0.010000
[2026-03-16 22:24:52] [INFO] [03.16.26|22:24:52] 	Iter 138 Done. | loss: 0.5183 | lr: 0.010000
[2026-03-16 22:25:08] [INFO] [03.16.26|22:25:08] 	Iter 139 Done. | loss: 0.5030 | lr: 0.010000
[2026-03-16 22:25:08] [INFO] [03.16.26|22:25:08] 	mean_loss: 0.5578143358230591
[2026-03-16 22:25:08] [INFO] [03.16.26|22:25:08] Time consumption:
[2026-03-16 22:25:08] [INFO] [03.16.26|22:25:08] Done.
[2026-03-16 22:25:08] [INFO] [03.16.26|22:25:08] Training epoch: 14
[2026-03-16 22:25:24] [INFO] [03.16.26|22:25:24] 	Iter 140 Done. | loss: 0.5206 | lr: 0.010000
[2026-03-16 22:25:40] [INFO] [03.16.26|22:25:40] 	Iter 141 Done. | loss: 0.4752 | lr: 0.010000
[2026-03-16 22:25:56] [INFO] [03.16.26|22:25:56] 	Iter 142 Done. | loss: 0.6797 | lr: 0.010000
[2026-03-16 22:26:13] [INFO] [03.16.26|22:26:13] 	Iter 143 Done. | loss: 0.5308 | lr: 0.010000
[2026-03-16 22:26:29] [INFO] [03.16.26|22:26:29] 	Iter 144 Done. | loss: 0.6422 | lr: 0.010000
[2026-03-16 22:26:45] [INFO] [03.16.26|22:26:45] 	Iter 145 Done. | loss: 0.5940 | lr: 0.010000
[2026-03-16 22:27:01] [INFO] [03.16.26|22:27:01] 	Iter 146 Done. | loss: 0.4468 | lr: 0.010000
[2026-03-16 22:27:17] [INFO] [03.16.26|22:27:17] 	Iter 147 Done. | loss: 0.6939 | lr: 0.010000
[2026-03-16 22:27:34] [INFO] [03.16.26|22:27:34] 	Iter 148 Done. | loss: 0.8032 | lr: 0.010000
[2026-03-16 22:27:50] [INFO] [03.16.26|22:27:50] 	Iter 149 Done. | loss: 0.3656 | lr: 0.010000
[2026-03-16 22:27:50] [INFO] [03.16.26|22:27:50] 	mean_loss: 0.5751943290233612
[2026-03-16 22:27:50] [INFO] [03.16.26|22:27:50] Time consumption:
[2026-03-16 22:27:50] [INFO] [03.16.26|22:27:50] Done.
[2026-03-16 22:27:50] [INFO] [03.16.26|22:27:50] Eval epoch: 14
[2026-03-16 22:28:11] [INFO] [0m[0m
[2026-03-16 22:28:11] [INFO] [0m[0m
[2026-03-16 22:28:11] [INFO] [03.16.26|22:28:11] 	mean_loss: 0.9381223122278849
[2026-03-16 22:28:11] [INFO] [03.16.26|22:28:11] 	Top1: 68.28%
[2026-03-16 22:28:11] [INFO] [03.16.26|22:28:11] 	Top4: 96.24%
[2026-03-16 22:28:11] [INFO] [03.16.26|22:28:11] The model has been saved as B:\ultralytics\ProjectOptimization\models\stgcn\out17/best.pt.
[2026-03-16 22:28:11] [INFO] [03.16.26|22:28:11] New best Top1: 68.28% at epoch 15.
[2026-03-16 22:28:11] [INFO] [03.16.26|22:28:11] Done.
[2026-03-16 22:28:11] [INFO] [03.16.26|22:28:11] Training epoch: 15
[2026-03-16 22:28:27] [INFO] [03.16.26|22:28:27] 	Iter 150 Done. | loss: 0.4701 | lr: 0.010000
[2026-03-16 22:28:44] [INFO] [03.16.26|22:28:44] 	Iter 151 Done. | loss: 0.3971 | lr: 0.010000
[2026-03-16 22:29:00] [INFO] [03.16.26|22:29:00] 	Iter 152 Done. | loss: 0.4867 | lr: 0.010000
[2026-03-16 22:29:16] [INFO] [03.16.26|22:29:16] 	Iter 153 Done. | loss: 0.6501 | lr: 0.010000
[2026-03-16 22:29:32] [INFO] [03.16.26|22:29:32] 	Iter 154 Done. | loss: 0.7335 | lr: 0.010000
[2026-03-16 22:29:49] [INFO] [03.16.26|22:29:49] 	Iter 155 Done. | loss: 0.7806 | lr: 0.010000
[2026-03-16 22:30:05] [INFO] [03.16.26|22:30:05] 	Iter 156 Done. | loss: 0.3983 | lr: 0.010000
[2026-03-16 22:30:21] [INFO] [03.16.26|22:30:21] 	Iter 157 Done. | loss: 0.7147 | lr: 0.010000
[2026-03-16 22:30:37] [INFO] [03.16.26|22:30:37] 	Iter 158 Done. | loss: 0.7762 | lr: 0.010000
[2026-03-16 22:30:54] [INFO] [03.16.26|22:30:54] 	Iter 159 Done. | loss: 0.4426 | lr: 0.010000
[2026-03-16 22:30:54] [INFO] [03.16.26|22:30:54] 	mean_loss: 0.5849813908338547
[2026-03-16 22:30:54] [INFO] [03.16.26|22:30:54] Time consumption:
[2026-03-16 22:30:54] [INFO] [03.16.26|22:30:54] Done.
[2026-03-16 22:30:54] [INFO] [03.16.26|22:30:54] Training epoch: 16
[2026-03-16 22:31:10] [INFO] [03.16.26|22:31:10] 	Iter 160 Done. | loss: 0.5514 | lr: 0.010000
[2026-03-16 22:31:26] [INFO] [03.16.26|22:31:26] 	Iter 161 Done. | loss: 0.4804 | lr: 0.010000
[2026-03-16 22:31:43] [INFO] [03.16.26|22:31:43] 	Iter 162 Done. | loss: 0.6687 | lr: 0.010000
[2026-03-16 22:31:59] [INFO] [03.16.26|22:31:59] 	Iter 163 Done. | loss: 0.3152 | lr: 0.010000
[2026-03-16 22:32:15] [INFO] [03.16.26|22:32:15] 	Iter 164 Done. | loss: 0.4733 | lr: 0.010000
[2026-03-16 22:32:31] [INFO] [03.16.26|22:32:31] 	Iter 165 Done. | loss: 0.5865 | lr: 0.010000
[2026-03-16 22:32:48] [INFO] [03.16.26|22:32:48] 	Iter 166 Done. | loss: 0.5682 | lr: 0.010000
[2026-03-16 22:33:04] [INFO] [03.16.26|22:33:04] 	Iter 167 Done. | loss: 0.4946 | lr: 0.010000
[2026-03-16 22:33:20] [INFO] [03.16.26|22:33:20] 	Iter 168 Done. | loss: 0.5814 | lr: 0.010000
[2026-03-16 22:33:36] [INFO] [03.16.26|22:33:36] 	Iter 169 Done. | loss: 0.5621 | lr: 0.010000
[2026-03-16 22:33:36] [INFO] [03.16.26|22:33:36] 	mean_loss: 0.5281717926263809
[2026-03-16 22:33:36] [INFO] [03.16.26|22:33:36] Time consumption:
[2026-03-16 22:33:36] [INFO] [03.16.26|22:33:36] Done.
[2026-03-16 22:33:36] [INFO] [03.16.26|22:33:36] Training epoch: 17
[2026-03-16 22:33:52] [INFO] [03.16.26|22:33:52] 	Iter 170 Done. | loss: 0.4259 | lr: 0.010000
[2026-03-16 22:34:08] [INFO] [03.16.26|22:34:08] 	Iter 171 Done. | loss: 0.5023 | lr: 0.010000
[2026-03-16 22:34:25] [INFO] [03.16.26|22:34:25] 	Iter 172 Done. | loss: 0.4541 | lr: 0.010000
[2026-03-16 22:34:41] [INFO] [03.16.26|22:34:41] 	Iter 173 Done. | loss: 0.6105 | lr: 0.010000
[2026-03-16 22:34:57] [INFO] [03.16.26|22:34:57] 	Iter 174 Done. | loss: 0.3769 | lr: 0.010000
[2026-03-16 22:35:13] [INFO] [03.16.26|22:35:13] 	Iter 175 Done. | loss: 0.4582 | lr: 0.010000
[2026-03-16 22:35:29] [INFO] [03.16.26|22:35:29] 	Iter 176 Done. | loss: 0.5422 | lr: 0.010000
[2026-03-16 22:35:45] [INFO] [03.16.26|22:35:45] 	Iter 177 Done. | loss: 0.7282 | lr: 0.010000
[2026-03-16 22:36:02] [INFO] [03.16.26|22:36:02] 	Iter 178 Done. | loss: 0.6422 | lr: 0.010000
[2026-03-16 22:36:18] [INFO] [03.16.26|22:36:18] 	Iter 179 Done. | loss: 0.6924 | lr: 0.010000
[2026-03-16 22:36:18] [INFO] [03.16.26|22:36:18] 	mean_loss: 0.5432949870824814
[2026-03-16 22:36:18] [INFO] [03.16.26|22:36:18] Time consumption:
[2026-03-16 22:36:18] [INFO] [03.16.26|22:36:18] Done.
[2026-03-16 22:36:18] [INFO] [03.16.26|22:36:18] Training epoch: 18
[2026-03-16 22:36:34] [INFO] [03.16.26|22:36:34] 	Iter 180 Done. | loss: 0.6418 | lr: 0.010000
[2026-03-16 22:36:50] [INFO] [03.16.26|22:36:50] 	Iter 181 Done. | loss: 0.4990 | lr: 0.010000
[2026-03-16 22:37:06] [INFO] [03.16.26|22:37:06] 	Iter 182 Done. | loss: 0.5881 | lr: 0.010000
[2026-03-16 22:37:22] [INFO] [03.16.26|22:37:22] 	Iter 183 Done. | loss: 0.5584 | lr: 0.010000
[2026-03-16 22:37:38] [INFO] [03.16.26|22:37:38] 	Iter 184 Done. | loss: 0.6749 | lr: 0.010000
[2026-03-16 22:37:55] [INFO] [03.16.26|22:37:55] 	Iter 185 Done. | loss: 0.3700 | lr: 0.010000
[2026-03-16 22:38:11] [INFO] [03.16.26|22:38:11] 	Iter 186 Done. | loss: 0.5712 | lr: 0.010000
[2026-03-16 22:38:27] [INFO] [03.16.26|22:38:27] 	Iter 187 Done. | loss: 0.4649 | lr: 0.010000
[2026-03-16 22:38:43] [INFO] [03.16.26|22:38:43] 	Iter 188 Done. | loss: 0.5055 | lr: 0.010000
[2026-03-16 22:39:00] [INFO] [03.16.26|22:39:00] 	Iter 189 Done. | loss: 0.4134 | lr: 0.010000
[2026-03-16 22:39:00] [INFO] [03.16.26|22:39:00] 	mean_loss: 0.5287129431962967
[2026-03-16 22:39:00] [INFO] [03.16.26|22:39:00] Time consumption:
[2026-03-16 22:39:00] [INFO] [03.16.26|22:39:00] Done.
[2026-03-16 22:39:00] [INFO] [03.16.26|22:39:00] Training epoch: 19
[2026-03-16 22:39:16] [INFO] [03.16.26|22:39:16] 	Iter 190 Done. | loss: 0.6435 | lr: 0.010000
[2026-03-16 22:39:32] [INFO] [03.16.26|22:39:32] 	Iter 191 Done. | loss: 0.4748 | lr: 0.010000
[2026-03-16 22:39:48] [INFO] [03.16.26|22:39:48] 	Iter 192 Done. | loss: 0.3773 | lr: 0.010000
[2026-03-16 22:40:04] [INFO] [03.16.26|22:40:04] 	Iter 193 Done. | loss: 0.5744 | lr: 0.010000
[2026-03-16 22:40:21] [INFO] [03.16.26|22:40:21] 	Iter 194 Done. | loss: 0.5508 | lr: 0.010000
[2026-03-16 22:40:37] [INFO] [03.16.26|22:40:37] 	Iter 195 Done. | loss: 0.6146 | lr: 0.010000
[2026-03-16 22:40:53] [INFO] [03.16.26|22:40:53] 	Iter 196 Done. | loss: 0.5179 | lr: 0.010000
[2026-03-16 22:41:09] [INFO] [03.16.26|22:41:09] 	Iter 197 Done. | loss: 0.5147 | lr: 0.010000
[2026-03-16 22:41:25] [INFO] [03.16.26|22:41:25] 	Iter 198 Done. | loss: 0.5278 | lr: 0.010000
[2026-03-16 22:41:42] [INFO] [03.16.26|22:41:42] 	Iter 199 Done. | loss: 0.3140 | lr: 0.010000
[2026-03-16 22:41:42] [INFO] [03.16.26|22:41:42] 	mean_loss: 0.5109701156616211
[2026-03-16 22:41:42] [INFO] [03.16.26|22:41:42] Time consumption:
[2026-03-16 22:41:42] [INFO] [03.16.26|22:41:42] Done.
[2026-03-16 22:41:42] [INFO] [03.16.26|22:41:42] The model has been saved as B:\ultralytics\ProjectOptimization\models\stgcn\out17/epoch20_model.pt.
[2026-03-16 22:41:42] [INFO] [03.16.26|22:41:42] Eval epoch: 19
[2026-03-16 22:42:01] [INFO] [0m
[2026-03-16 22:42:01] [INFO] [0m[0m[0m
[2026-03-16 22:42:01] [INFO] [03.16.26|22:42:01] 	mean_loss: 0.7791419525941213
[2026-03-16 22:42:01] [INFO] [03.16.26|22:42:01] 	Top1: 73.12%
[2026-03-16 22:42:01] [INFO] [03.16.26|22:42:01] 	Top4: 97.85%
[2026-03-16 22:42:01] [INFO] [03.16.26|22:42:01] The model has been saved as B:\ultralytics\ProjectOptimization\models\stgcn\out17/best.pt.
[2026-03-16 22:42:01] [INFO] [03.16.26|22:42:01] New best Top1: 73.12% at epoch 20.
[2026-03-16 22:42:01] [INFO] [03.16.26|22:42:01] Done.
[2026-03-16 22:42:01] [INFO] [03.16.26|22:42:01] Training epoch: 20
[2026-03-16 22:42:17] [INFO] [03.16.26|22:42:17] 	Iter 200 Done. | loss: 0.4187 | lr: 0.001000
[2026-03-16 22:42:33] [INFO] [03.16.26|22:42:33] 	Iter 201 Done. | loss: 0.5505 | lr: 0.001000
[2026-03-16 22:42:50] [INFO] [03.16.26|22:42:50] 	Iter 202 Done. | loss: 0.3348 | lr: 0.001000
[2026-03-16 22:43:06] [INFO] [03.16.26|22:43:06] 	Iter 203 Done. | loss: 0.5627 | lr: 0.001000
[2026-03-16 22:43:22] [INFO] [03.16.26|22:43:22] 	Iter 204 Done. | loss: 0.4943 | lr: 0.001000
[2026-03-16 22:43:38] [INFO] [03.16.26|22:43:38] 	Iter 205 Done. | loss: 0.4522 | lr: 0.001000
[2026-03-16 22:43:54] [INFO] [03.16.26|22:43:54] 	Iter 206 Done. | loss: 0.2838 | lr: 0.001000
[2026-03-16 22:44:11] [INFO] [03.16.26|22:44:11] 	Iter 207 Done. | loss: 0.4343 | lr: 0.001000
[2026-03-16 22:44:27] [INFO] [03.16.26|22:44:27] 	Iter 208 Done. | loss: 0.4254 | lr: 0.001000
[2026-03-16 22:44:43] [INFO] [03.16.26|22:44:43] 	Iter 209 Done. | loss: 0.2804 | lr: 0.001000
[2026-03-16 22:44:43] [INFO] [03.16.26|22:44:43] 	mean_loss: 0.4236956357955933
[2026-03-16 22:44:43] [INFO] [03.16.26|22:44:43] Time consumption:
[2026-03-16 22:44:43] [INFO] [03.16.26|22:44:43] Done.
[2026-03-16 22:44:43] [INFO] [03.16.26|22:44:43] Training epoch: 21
[2026-03-16 22:44:59] [INFO] [03.16.26|22:44:59] 	Iter 210 Done. | loss: 0.5741 | lr: 0.001000
[2026-03-16 22:45:16] [INFO] [03.16.26|22:45:16] 	Iter 211 Done. | loss: 0.3163 | lr: 0.001000
[2026-03-16 22:45:32] [INFO] [03.16.26|22:45:32] 	Iter 212 Done. | loss: 0.4096 | lr: 0.001000
[2026-03-16 22:45:48] [INFO] [03.16.26|22:45:48] 	Iter 213 Done. | loss: 0.3063 | lr: 0.001000
[2026-03-16 22:46:04] [INFO] [03.16.26|22:46:04] 	Iter 214 Done. | loss: 0.2620 | lr: 0.001000
[2026-03-16 22:46:20] [INFO] [03.16.26|22:46:20] 	Iter 215 Done. | loss: 0.2998 | lr: 0.001000
[2026-03-16 22:46:37] [INFO] [03.16.26|22:46:37] 	Iter 216 Done. | loss: 0.3729 | lr: 0.001000
[2026-03-16 22:46:53] [INFO] [03.16.26|22:46:53] 	Iter 217 Done. | loss: 0.4730 | lr: 0.001000
[2026-03-16 22:47:09] [INFO] [03.16.26|22:47:09] 	Iter 218 Done. | loss: 0.4606 | lr: 0.001000
[2026-03-16 22:47:17] [WARN] 任务已手动停止
[2026-03-16 22:47:17] [INFO] 任务结束: train
[2026-03-16 22:47:23] [INFO] 模型列表刷新完成（完整模式，默认best策略）
[2026-03-16 22:48:10] [INFO] 模型列表刷新完成（精简模式，默认best策略）
[2026-03-16 22:48:26] [INFO] 模型列表刷新完成（完整模式，默认best策略）
[2026-03-16 22:49:43] [INFO] 模型列表刷新完成（精简模式，默认best策略）
[2026-03-16 22:49:44] [INFO] 模型列表刷新完成（完整模式，默认best策略）
[2026-03-16 22:49:47] [INFO] 模型列表刷新完成（精简模式，默认best策略）
[2026-03-16 22:49:51] [INFO] 模型列表刷新完成（完整模式，默认best策略）
[2026-03-16 22:51:43] [INFO] 模型列表刷新完成（精简模式，默认best策略）
[2026-03-16 22:53:03] [INFO] 模型列表刷新完成（精简模式，默认best策略）
[2026-03-16 22:53:21] [INFO] 启动命令: B:\ultralytics\.venv310\Scripts\python.exe B:\ultralytics\ProjectOptimization\scripts\tools\model_smoke_test.py --yolo B:\ultralytics\ProjectOptimization\models\yolo\custom\yolo_pose_best.pt --stgcn B:\ultralytics\ProjectOptimization\models\stgcn\out17\best.pt --layout auto
[2026-03-16 22:53:23] [INFO] [INFO] 检查YOLO权重: B:\ultralytics\ProjectOptimization\models\yolo\custom\yolo_pose_best.pt
[2026-03-16 22:53:23] [INFO] [INFO] 检查ST-GCN权重: B:\ultralytics\ProjectOptimization\models\stgcn\out17\best.pt
[2026-03-16 22:53:23] [INFO] [INFO] ST-GCN layout: yolopose, num_class: 10
[2026-03-16 22:53:23] [INFO] [OK] 模型检查通过
[2026-03-16 22:53:23] [INFO] [0m
[2026-03-16 22:53:24] [INFO] 任务结束: test
[2026-03-16 22:54:31] [INFO] 内嵌推理启动，视频: B:\ultralytics\ProjectOptimization\src\ultralytics-main\dataset\GCNData\BaseballPitch\v_BaseballPitch_g04_c01.avi
[2026-03-16 22:54:42] [INFO] 视频读取结束，推理完成。
[2026-03-16 22:57:31] [INFO] 内嵌推理启动，视频: B:\ultralytics\ProjectOptimization\src\ultralytics-main\dataset\GCNData\BaseballPitch\v_BaseballPitch_g04_c01.avi
[2026-03-16 22:57:38] [INFO] 用户手动停止推理。
[2026-03-16 22:58:14] [INFO] 启动命令: B:\ultralytics\.venv310\Scripts\python.exe B:\ultralytics\ProjectOptimization\scripts\env\check_env.py
[2026-03-16 22:58:14] [INFO] [INFO] Python: 3.10.11 | exe: B:\ultralytics\.venv310\Scripts\python.exe
[2026-03-16 22:58:15] [INFO] WARNING ⚠️ Ultralytics settings reset to default values. This may be due to a possible problem with your settings or a recent ultralytics package update. 
[2026-03-16 22:58:15] [INFO] View Ultralytics Settings with 'yolo settings' or at 'C:\Users\YiLanQiu\AppData\Roaming\Ultralytics\settings.json'
[2026-03-16 22:58:15] [INFO] Update Settings with 'yolo settings key=value', i.e. 'yolo settings runs_dir=path/to/dir'. For help see https://docs.ultralytics.com/quickstart/#ultralytics-settings.
[2026-03-16 22:58:17] [INFO] 模型列表刷新完成（精简模式，默认best策略）
[2026-03-16 22:58:17] [INFO] [INFO] Torch: 2.4.1+cu121
[2026-03-16 22:58:17] [INFO] [INFO] CUDA available: True
[2026-03-16 22:58:17] [INFO] [INFO] GPU: NVIDIA GeForce RTX 4060 Laptop GPU
[2026-03-16 22:58:17] [INFO] [OK] Environment check passed.
[2026-03-16 22:58:17] [INFO] [0m
[2026-03-16 22:58:17] [INFO] 任务结束: env
[2026-03-16 22:58:42] [INFO] 内嵌推理启动，视频: B:\ultralytics\ProjectOptimization\src\ultralytics-main\dataset\GCNData\BaseballPitch\v_BaseballPitch_g04_c01.avi
[2026-03-16 22:58:53] [INFO] 视频读取结束，推理完成。
[2026-03-16 22:59:25] [INFO] 模型列表刷新完成（精简模式，默认best策略）
[2026-03-16 23:01:18] [INFO] 推理布局自动推断为: yolopose
[2026-03-16 23:01:37] [INFO] 推理布局自动推断为: yolopose
[2026-03-16 23:01:38] [INFO] 内嵌推理启动，视频: B:\ultralytics\ProjectOptimization\src\ultralytics-main\dataset\GCNData\BaseballPitch\v_BaseballPitch_g05_c02.avi
[2026-03-16 23:01:43] [INFO] 视频读取结束，推理完成。
[2026-03-17 09:05:24] [INFO] 模型列表刷新完成（精简模式，默认best策略）
[2026-03-17 09:06:43] [INFO] 模型列表刷新完成（精简模式，默认best策略）
[2026-03-17 09:09:00] [INFO] 启动命令: B:\ultralytics\.venv310\Scripts\python.exe B:\ultralytics\ProjectOptimization\scripts\tools\generate_ablation_plan.py --output-dir C:\Users\YiLanQiu\Desktop\tsst --theme yolo_modules --data-profile v17
[2026-03-17 09:09:01] [INFO] [OK] 消融模板已生成: C:\Users\YiLanQiu\Desktop\tsst
[2026-03-17 09:09:01] [INFO] [OK] 计划文件: C:\Users\YiLanQiu\Desktop\tsst\ablation_plan.md
[2026-03-17 09:09:01] [INFO] [OK] 表格文件: C:\Users\YiLanQiu\Desktop\tsst\ablation_plan.csv
[2026-03-17 09:09:01] [INFO] [OK] 命令模板: C:\Users\YiLanQiu\Desktop\tsst\run_commands.txt
[2026-03-17 09:09:01] [INFO] 任务结束: ablation
[2026-03-17 09:13:20] [INFO] 模型列表刷新完成（精简模式，默认best策略）
[2026-03-17 09:14:19] [INFO] 模型列表刷新完成（精简模式，默认best策略）
[2026-03-17 09:14:44] [INFO] 启动命令: B:\ultralytics\.venv310\Scripts\python.exe B:\ultralytics\ProjectOptimization\scripts\tools\run_ablation_batch.py --plan-dir C:\Users\YiLanQiu\Desktop\tsst --continue-on-error
[2026-03-17 09:14:44] [INFO] [INFO] 批跑目录: C:\Users\YiLanQiu\Desktop\tsst
[2026-03-17 09:14:44] [INFO] [INFO] 命令数: 8
[2026-03-17 09:14:44] [INFO] [INFO] [A0] 开始: 2026-03-17 09:14:44
[2026-03-17 09:14:44] [INFO] [INFO] [A0] CMD: yolo pose train model=<YOUR_MODEL_YAML> data=<YOUR_DATA_YAML> epochs=<EPOCHS> project=outputs/eval/ablation name=A0_baseline
[2026-03-17 09:14:44] [INFO] [INFO] [A0] 结束: 2026-03-17 09:14:44 | status=FAILED | cost=0.01s
[2026-03-17 09:14:44] [INFO] [INFO] [A1] 开始: 2026-03-17 09:14:44
[2026-03-17 09:14:44] [INFO] [INFO] [A1] CMD: yolo pose train model=<YOUR_MODEL_YAML> data=<YOUR_DATA_YAML> epochs=<EPOCHS> project=outputs/eval/ablation name=A1_adown
[2026-03-17 09:14:44] [INFO] [INFO] [A1] 结束: 2026-03-17 09:14:44 | status=FAILED | cost=0.01s
[2026-03-17 09:14:44] [INFO] [INFO] [A2] 开始: 2026-03-17 09:14:44
[2026-03-17 09:14:44] [INFO] [INFO] [A2] CMD: yolo pose train model=<YOUR_MODEL_YAML> data=<YOUR_DATA_YAML> epochs=<EPOCHS> project=outputs/eval/ablation name=A2_dyrfaup
[2026-03-17 09:14:44] [INFO] [INFO] [A2] 结束: 2026-03-17 09:14:44 | status=FAILED | cost=0.01s
[2026-03-17 09:14:44] [INFO] [INFO] [A3] 开始: 2026-03-17 09:14:44
[2026-03-17 09:14:44] [INFO] [INFO] [A3] CMD: yolo pose train model=<YOUR_MODEL_YAML> data=<YOUR_DATA_YAML> epochs=<EPOCHS> project=outputs/eval/ablation name=A3_scsa
[2026-03-17 09:14:44] [INFO] [INFO] [A3] 结束: 2026-03-17 09:14:44 | status=FAILED | cost=0.01s
[2026-03-17 09:14:44] [INFO] [INFO] [A4] 开始: 2026-03-17 09:14:44
[2026-03-17 09:14:44] [INFO] [INFO] [A4] CMD: yolo pose train model=<YOUR_MODEL_YAML> data=<YOUR_DATA_YAML> epochs=<EPOCHS> project=outputs/eval/ablation name=A4_adown+dyrfaup
[2026-03-17 09:14:44] [INFO] [INFO] [A4] 结束: 2026-03-17 09:14:44 | status=FAILED | cost=0.01s
[2026-03-17 09:14:44] [INFO] [INFO] [A5] 开始: 2026-03-17 09:14:44
[2026-03-17 09:14:44] [INFO] [INFO] [A5] CMD: yolo pose train model=<YOUR_MODEL_YAML> data=<YOUR_DATA_YAML> epochs=<EPOCHS> project=outputs/eval/ablation name=A5_adown+scsa
[2026-03-17 09:14:44] [INFO] [INFO] [A5] 结束: 2026-03-17 09:14:44 | status=FAILED | cost=0.01s
[2026-03-17 09:14:44] [INFO] [INFO] [A6] 开始: 2026-03-17 09:14:44
[2026-03-17 09:14:44] [INFO] [INFO] [A6] CMD: yolo pose train model=<YOUR_MODEL_YAML> data=<YOUR_DATA_YAML> epochs=<EPOCHS> project=outputs/eval/ablation name=A6_dyrfaup+scsa
[2026-03-17 09:14:44] [INFO] [INFO] [A6] 结束: 2026-03-17 09:14:44 | status=FAILED | cost=0.01s
[2026-03-17 09:14:44] [INFO] [INFO] [A7] 开始: 2026-03-17 09:14:44
[2026-03-17 09:14:44] [INFO] [INFO] [A7] CMD: yolo pose train model=<YOUR_MODEL_YAML> data=<YOUR_DATA_YAML> epochs=<EPOCHS> project=outputs/eval/ablation name=A7_all3
[2026-03-17 09:14:44] [INFO] [INFO] [A7] 结束: 2026-03-17 09:14:44 | status=FAILED | cost=0.01s
[2026-03-17 09:14:44] [INFO] [OK] 结果CSV: C:\Users\YiLanQiu\Desktop\tsst\ablation_results.csv
[2026-03-17 09:14:44] [INFO] [OK] 结果MD: C:\Users\YiLanQiu\Desktop\tsst\ablation_results.md
[2026-03-17 09:14:44] [INFO] 任务结束: ablation_run
[2026-03-17 09:27:30] [INFO] 模型列表刷新完成（精简模式，默认best策略）
[2026-03-17 09:29:39] [INFO] 模型列表刷新完成（精简模式，默认best策略）
[2026-03-17 09:34:49] [INFO] 模型列表刷新完成（精简模式，默认best策略）
[2026-03-17 09:36:44] [INFO] 模型列表刷新完成（精简模式，默认best策略）
[2026-03-17 09:37:55] [INFO] 启动命令: B:\ultralytics\.venv310\Scripts\python.exe B:\ultralytics\ProjectOptimization\scripts\tools\generate_ablation_plan.py --output-dir C:\Users\YiLanQiu\Desktop\tsst --theme yolo_modules --data-profile v17 --model-yaml B:\ultralytics\ProjectOptimization\src\ultralytics-main\ultralytics\cfg\models\11\yolo11-cls.yaml --data-yaml B:\ultralytics\ProjectOptimization\src\ultralytics-main\ultralytics\cfg\datasets\african-wildlife.yaml --epochs 100
[2026-03-17 09:37:55] [INFO] [OK] 消融模板已生成: C:\Users\YiLanQiu\Desktop\tsst
[2026-03-17 09:37:55] [INFO] [OK] 计划文件: C:\Users\YiLanQiu\Desktop\tsst\ablation_plan.md
[2026-03-17 09:37:55] [INFO] [OK] 表格文件: C:\Users\YiLanQiu\Desktop\tsst\ablation_plan.csv
[2026-03-17 09:37:55] [INFO] [OK] 命令模板: C:\Users\YiLanQiu\Desktop\tsst\run_commands.txt
[2026-03-17 09:37:55] [INFO] 任务结束: ablation
[2026-03-17 09:38:33] [INFO] 启动命令: B:\ultralytics\.venv310\Scripts\python.exe B:\ultralytics\ProjectOptimization\scripts\tools\run_ablation_batch.py --plan-dir C:\Users\YiLanQiu\Desktop\tsst --continue-on-error
[2026-03-17 09:38:33] [INFO] [INFO] 批跑目录: C:\Users\YiLanQiu\Desktop\tsst
[2026-03-17 09:38:33] [INFO] [INFO] 命令数: 8
[2026-03-17 09:38:33] [INFO] [INFO] [A0] 开始: 2026-03-17 09:38:33
[2026-03-17 09:38:33] [INFO] [INFO] [A0] CMD: yolo pose train model=B:\ultralytics\ProjectOptimization\src\ultralytics-main\ultralytics\cfg\models\11\yolo11-cls.yaml data=B:\ultralytics\ProjectOptimization\src\ultralytics-main\ultralytics\cfg\datasets\african-wildlife.yaml epochs=100 project=outputs/eval/ablation name=A0_baseline
[2026-03-17 09:49:14] [INFO] 模型列表刷新完成（精简模式，默认best策略）
[2026-03-17 09:52:09] [INFO] 启动命令: B:\ultralytics\.venv310\Scripts\python.exe B:\ultralytics\ProjectOptimization\scripts\tools\generate_ablation_plan.py --output-dir C:\Users\YiLanQiu\Desktop\tsst --theme yolo_modules --data-profile v17 --model-yaml B:\ultralytics\ProjectOptimization\src\ultralytics-main\ultralytics\cfg\models\11\yolo11-cls.yaml --data-yaml B:\ultralytics\ProjectOptimization\src\ultralytics-main\ultralytics\cfg\datasets\Argoverse.yaml --epochs 100
[2026-03-17 09:52:09] [ERROR] Traceback (most recent call last):
[2026-03-17 09:52:09] [ERROR]   File "B:\ultralytics\ProjectOptimization\scripts\tools\generate_ablation_plan.py", line 250, in <module>
[2026-03-17 09:52:09] [ERROR]     raise SystemExit(main())
[2026-03-17 09:52:09] [ERROR]   File "B:\ultralytics\ProjectOptimization\scripts\tools\generate_ablation_plan.py", line 139, in main
[2026-03-17 09:52:09] [ERROR]     raise ValueError(
[2026-03-17 09:52:09] [ERROR] ValueError: 当前主题是 YOLO 模块消融（ADown/DyRFAUp/SCSA），仅支持 Pose 模型YAML。请改用 yolo11-pose*.yaml，而不是 cls/detect/seg/obb。
[2026-03-17 09:52:09] [INFO] 任务结束: ablation
[2026-03-17 09:55:47] [INFO] 模型列表刷新完成（精简模式，默认best策略）
[2026-03-17 09:58:02] [INFO] 模型列表刷新完成（精简模式，默认best策略）
[2026-03-17 09:58:25] [INFO] 模型列表刷新完成（精简模式，默认best策略）
[2026-03-17 10:03:07] [INFO] 模型列表刷新完成（精简模式，默认best策略）
[2026-03-17 10:15:03] [INFO] 模型列表刷新完成（精简模式，默认best策略）
[2026-03-17 10:28:46] [INFO] 模型列表刷新完成（精简模式，默认best策略）
[2026-03-17 10:30:08] [INFO] 模型列表刷新完成（精简模式，默认best策略）
[2026-03-17 10:30:11] [INFO] 启动命令: B:\ultralytics\.venv310\Scripts\python.exe B:\ultralytics\ProjectOptimization\scripts\env\check_env.py
[2026-03-17 10:30:12] [INFO] [INFO] Python: 3.10.11 | exe: B:\ultralytics\.venv310\Scripts\python.exe
[2026-03-17 10:30:13] [INFO] WARNING ⚠️ Ultralytics settings reset to default values. This may be due to a possible problem with your settings or a recent ultralytics package update. 
[2026-03-17 10:30:13] [INFO] View Ultralytics Settings with 'yolo settings' or at 'C:\Users\YiLanQiu\AppData\Roaming\Ultralytics\settings.json'
[2026-03-17 10:30:13] [INFO] Update Settings with 'yolo settings key=value', i.e. 'yolo settings runs_dir=path/to/dir'. For help see https://docs.ultralytics.com/quickstart/#ultralytics-settings.
[2026-03-17 10:30:15] [INFO] [INFO] Torch: 2.4.1+cu121
[2026-03-17 10:30:15] [INFO] [INFO] CUDA available: True
[2026-03-17 10:30:15] [INFO] [INFO] GPU: NVIDIA GeForce RTX 4060 Laptop GPU
[2026-03-17 10:30:15] [INFO] [OK] Environment check passed.
[2026-03-17 10:30:15] [INFO] [0m
[2026-03-17 10:30:15] [INFO] 任务结束: env
[2026-03-17 10:42:21] [INFO] 模型列表刷新完成（精简模式，默认best策略）
[2026-03-17 10:45:32] [INFO] 模型列表刷新完成（精简模式，默认best策略）
[2026-03-17 10:46:16] [INFO] 模型列表刷新完成（精简模式，默认best策略）
[2026-03-17 11:09:16] [INFO] 模型列表刷新完成（精简模式，默认best策略）
[2026-03-17 11:09:34] [INFO] 启动命令: B:\ultralytics\.venv310\Scripts\python.exe B:\ultralytics\ProjectOptimization\scripts\tools\generate_ablation_plan.py --output-dir C:\Users\YiLanQiu\Desktop\tsst --theme yolo_modules --data-profile v17 --model-yaml B:\ultralytics\ProjectOptimization\src\ultralytics-main\ultralytics\cfg\models\11\a-yolo11-MAN-Faster.yaml --data-yaml B:\ultralytics\ProjectOptimization\src\ultralytics-main\ultralytics\cfg\datasets\coco-pose.yaml --epochs 100
[2026-03-17 11:09:34] [INFO] [OK] 消融模板已生成: C:\Users\YiLanQiu\Desktop\tsst
[2026-03-17 11:09:34] [INFO] [OK] 计划文件: C:\Users\YiLanQiu\Desktop\tsst\ablation_plan.md
[2026-03-17 11:09:34] [INFO] [OK] 表格文件: C:\Users\YiLanQiu\Desktop\tsst\ablation_plan.csv
[2026-03-17 11:09:34] [INFO] [OK] 命令模板: C:\Users\YiLanQiu\Desktop\tsst\run_commands.txt
[2026-03-17 11:09:34] [INFO] [OK] 变体模型YAML目录: C:\Users\YiLanQiu\Desktop\tsst\generated_models
[2026-03-17 11:09:34] [INFO] 任务结束: ablation
[2026-03-17 11:09:36] [INFO] 启动命令: B:\ultralytics\.venv310\Scripts\python.exe B:\ultralytics\ProjectOptimization\scripts\tools\run_ablation_batch.py --plan-dir C:\Users\YiLanQiu\Desktop\tsst --continue-on-error
[2026-03-17 11:09:36] [INFO] [INFO] 批跑目录: C:\Users\YiLanQiu\Desktop\tsst
[2026-03-17 11:09:36] [INFO] [INFO] 命令数: 8
[2026-03-17 11:09:36] [INFO] [INFO] [A0] 开始: 2026-03-17 11:09:36
[2026-03-17 11:09:36] [INFO] [INFO] [A0] CMD: yolo pose train model="C:\Users\YiLanQiu\Desktop\tsst\generated_models\A0_baseline.yaml" data="B:\ultralytics\ProjectOptimization\src\ultralytics-main\ultralytics\cfg\datasets\coco-pose.yaml" epochs=100 project=outputs/eval/ablation name=A0_baseline
[2026-03-17 11:09:39] [INFO] [INFO] [A0] 结束: 2026-03-17 11:09:39 | status=FAILED | cost=2.63s
[2026-03-17 11:09:39] [INFO] [INFO] [A1] 开始: 2026-03-17 11:09:39
[2026-03-17 11:09:39] [INFO] [INFO] [A1] CMD: yolo pose train model="C:\Users\YiLanQiu\Desktop\tsst\generated_models\A1_adown.yaml" data="B:\ultralytics\ProjectOptimization\src\ultralytics-main\ultralytics\cfg\datasets\coco-pose.yaml" epochs=100 project=outputs/eval/ablation name=A1_adown
[2026-03-17 11:09:41] [INFO] [INFO] [A1] 结束: 2026-03-17 11:09:41 | status=FAILED | cost=2.65s
[2026-03-17 11:09:41] [INFO] [INFO] [A2] 开始: 2026-03-17 11:09:41
[2026-03-17 11:09:41] [INFO] [INFO] [A2] CMD: yolo pose train model="C:\Users\YiLanQiu\Desktop\tsst\generated_models\A2_dyrfaup.yaml" data="B:\ultralytics\ProjectOptimization\src\ultralytics-main\ultralytics\cfg\datasets\coco-pose.yaml" epochs=100 project=outputs/eval/ablation name=A2_dyrfaup
[2026-03-17 11:09:44] [INFO] [INFO] [A2] 结束: 2026-03-17 11:09:44 | status=FAILED | cost=2.67s
[2026-03-17 11:09:44] [INFO] [INFO] [A3] 开始: 2026-03-17 11:09:44
[2026-03-17 11:09:44] [INFO] [INFO] [A3] CMD: yolo pose train model="C:\Users\YiLanQiu\Desktop\tsst\generated_models\A3_scsa.yaml" data="B:\ultralytics\ProjectOptimization\src\ultralytics-main\ultralytics\cfg\datasets\coco-pose.yaml" epochs=100 project=outputs/eval/ablation name=A3_scsa
[2026-03-17 11:09:48] [INFO] [INFO] [A3] 结束: 2026-03-17 11:09:48 | status=FAILED | cost=3.84s
[2026-03-17 11:09:48] [INFO] [INFO] [A4] 开始: 2026-03-17 11:09:48
[2026-03-17 11:09:48] [INFO] [INFO] [A4] CMD: yolo pose train model="C:\Users\YiLanQiu\Desktop\tsst\generated_models\A4_adown+dyrfaup.yaml" data="B:\ultralytics\ProjectOptimization\src\ultralytics-main\ultralytics\cfg\datasets\coco-pose.yaml" epochs=100 project=outputs/eval/ablation name=A4_adown+dyrfaup
[2026-03-17 11:09:51] [INFO] [INFO] [A4] 结束: 2026-03-17 11:09:51 | status=FAILED | cost=2.56s
[2026-03-17 11:09:51] [INFO] [INFO] [A5] 开始: 2026-03-17 11:09:51
[2026-03-17 11:09:51] [INFO] [INFO] [A5] CMD: yolo pose train model="C:\Users\YiLanQiu\Desktop\tsst\generated_models\A5_adown+scsa.yaml" data="B:\ultralytics\ProjectOptimization\src\ultralytics-main\ultralytics\cfg\datasets\coco-pose.yaml" epochs=100 project=outputs/eval/ablation name=A5_adown+scsa
[2026-03-17 11:09:53] [INFO] [INFO] [A5] 结束: 2026-03-17 11:09:53 | status=FAILED | cost=2.49s
[2026-03-17 11:09:53] [INFO] [INFO] [A6] 开始: 2026-03-17 11:09:53
[2026-03-17 11:09:53] [INFO] [INFO] [A6] CMD: yolo pose train model="C:\Users\YiLanQiu\Desktop\tsst\generated_models\A6_dyrfaup+scsa.yaml" data="B:\ultralytics\ProjectOptimization\src\ultralytics-main\ultralytics\cfg\datasets\coco-pose.yaml" epochs=100 project=outputs/eval/ablation name=A6_dyrfaup+scsa
[2026-03-17 11:09:55] [INFO] [INFO] [A6] 结束: 2026-03-17 11:09:55 | status=FAILED | cost=2.49s
[2026-03-17 11:09:55] [INFO] [INFO] [A7] 开始: 2026-03-17 11:09:55
[2026-03-17 11:09:55] [INFO] [INFO] [A7] CMD: yolo pose train model="C:\Users\YiLanQiu\Desktop\tsst\generated_models\A7_all3.yaml" data="B:\ultralytics\ProjectOptimization\src\ultralytics-main\ultralytics\cfg\datasets\coco-pose.yaml" epochs=100 project=outputs/eval/ablation name=A7_all3
[2026-03-17 11:09:58] [INFO] [INFO] [A7] 结束: 2026-03-17 11:09:58 | status=FAILED | cost=2.53s
[2026-03-17 11:09:58] [INFO] [OK] 结果CSV: C:\Users\YiLanQiu\Desktop\tsst\ablation_results.csv
[2026-03-17 11:09:58] [INFO] [OK] 结果MD: C:\Users\YiLanQiu\Desktop\tsst\ablation_results.md
[2026-03-17 11:09:58] [INFO] 任务结束: ablation_run
[2026-03-17 11:13:14] [INFO] 模型列表刷新完成（精简模式，默认best策略）
[2026-03-17 11:34:23] [INFO] 模型列表刷新完成（精简模式，默认best策略）
[2026-03-17 11:34:45] [INFO] 启动命令: B:\ultralytics\.venv310\Scripts\python.exe B:\ultralytics\ProjectOptimization\scripts\tools\generate_ablation_plan.py --output-dir C:\Users\YiLanQiu\Desktop\tsst --theme yolo_modules --data-profile v17 --model-yaml B:\ultralytics\ProjectOptimization\src\ultralytics-main\ultralytics\cfg\models\11\a-yolo11-MAN-Faster.yaml --data-yaml B:\ultralytics\ProjectOptimization\src\ultralytics-main\ultralytics\cfg\datasets\coco-pose.yaml --epochs 100
[2026-03-17 11:34:46] [INFO] [OK] 消融模板已生成: C:\Users\YiLanQiu\Desktop\tsst
[2026-03-17 11:34:46] [INFO] [OK] 计划文件: C:\Users\YiLanQiu\Desktop\tsst\ablation_plan.md
[2026-03-17 11:34:46] [INFO] [OK] 表格文件: C:\Users\YiLanQiu\Desktop\tsst\ablation_plan.csv
[2026-03-17 11:34:46] [INFO] [OK] 命令模板: C:\Users\YiLanQiu\Desktop\tsst\run_commands.txt
[2026-03-17 11:34:46] [INFO] [OK] 变体模型YAML目录: C:\Users\YiLanQiu\Desktop\tsst\generated_models
[2026-03-17 11:34:46] [INFO] 任务结束: ablation
[2026-03-17 11:34:47] [INFO] 启动命令: B:\ultralytics\.venv310\Scripts\python.exe B:\ultralytics\ProjectOptimization\scripts\tools\run_ablation_batch.py --plan-dir C:\Users\YiLanQiu\Desktop\tsst --continue-on-error
[2026-03-17 11:34:47] [INFO] [INFO] 批跑目录: C:\Users\YiLanQiu\Desktop\tsst
[2026-03-17 11:34:47] [INFO] [INFO] 命令数: 8
[2026-03-17 11:34:47] [INFO] [INFO] [A0] 开始: 2026-03-17 11:34:47
[2026-03-17 11:34:47] [INFO] [INFO] [A0] CMD: "B:\ultralytics\.venv310\Scripts\python.exe" -m ultralytics pose train model="C:\Users\YiLanQiu\Desktop\tsst\generated_models\A0_baseline.yaml" data="B:\ultralytics\ProjectOptimization\src\ultralytics-main\ultralytics\cfg\datasets\coco-pose.yaml" epochs=100 project=outputs/eval/ablation name=A0_baseline
[2026-03-17 11:34:49] [INFO] [INFO] [A0] 结束: 2026-03-17 11:34:49 | status=FAILED | cost=1.82s
[2026-03-17 11:34:49] [INFO] [INFO] [A1] 开始: 2026-03-17 11:34:49
[2026-03-17 11:34:49] [INFO] [INFO] [A1] CMD: "B:\ultralytics\.venv310\Scripts\python.exe" -m ultralytics pose train model="C:\Users\YiLanQiu\Desktop\tsst\generated_models\A1_adown.yaml" data="B:\ultralytics\ProjectOptimization\src\ultralytics-main\ultralytics\cfg\datasets\coco-pose.yaml" epochs=100 project=outputs/eval/ablation name=A1_adown
[2026-03-17 11:34:51] [INFO] [INFO] [A1] 结束: 2026-03-17 11:34:51 | status=FAILED | cost=1.85s
[2026-03-17 11:34:51] [INFO] [INFO] [A2] 开始: 2026-03-17 11:34:51
[2026-03-17 11:34:51] [INFO] [INFO] [A2] CMD: "B:\ultralytics\.venv310\Scripts\python.exe" -m ultralytics pose train model="C:\Users\YiLanQiu\Desktop\tsst\generated_models\A2_dyrfaup.yaml" data="B:\ultralytics\ProjectOptimization\src\ultralytics-main\ultralytics\cfg\datasets\coco-pose.yaml" epochs=100 project=outputs/eval/ablation name=A2_dyrfaup
[2026-03-17 11:34:53] [INFO] [INFO] [A2] 结束: 2026-03-17 11:34:53 | status=FAILED | cost=1.83s
[2026-03-17 11:34:53] [INFO] [INFO] [A3] 开始: 2026-03-17 11:34:53
[2026-03-17 11:34:53] [INFO] [INFO] [A3] CMD: "B:\ultralytics\.venv310\Scripts\python.exe" -m ultralytics pose train model="C:\Users\YiLanQiu\Desktop\tsst\generated_models\A3_scsa.yaml" data="B:\ultralytics\ProjectOptimization\src\ultralytics-main\ultralytics\cfg\datasets\coco-pose.yaml" epochs=100 project=outputs/eval/ablation name=A3_scsa
[2026-03-17 11:34:55] [INFO] [INFO] [A3] 结束: 2026-03-17 11:34:55 | status=FAILED | cost=1.85s
[2026-03-17 11:34:55] [INFO] [INFO] [A4] 开始: 2026-03-17 11:34:55
[2026-03-17 11:34:55] [INFO] [INFO] [A4] CMD: "B:\ultralytics\.venv310\Scripts\python.exe" -m ultralytics pose train model="C:\Users\YiLanQiu\Desktop\tsst\generated_models\A4_adown+dyrfaup.yaml" data="B:\ultralytics\ProjectOptimization\src\ultralytics-main\ultralytics\cfg\datasets\coco-pose.yaml" epochs=100 project=outputs/eval/ablation name=A4_adown+dyrfaup
[2026-03-17 11:34:57] [INFO] [INFO] [A4] 结束: 2026-03-17 11:34:57 | status=FAILED | cost=1.86s
[2026-03-17 11:34:57] [INFO] [INFO] [A5] 开始: 2026-03-17 11:34:57
[2026-03-17 11:34:57] [INFO] [INFO] [A5] CMD: "B:\ultralytics\.venv310\Scripts\python.exe" -m ultralytics pose train model="C:\Users\YiLanQiu\Desktop\tsst\generated_models\A5_adown+scsa.yaml" data="B:\ultralytics\ProjectOptimization\src\ultralytics-main\ultralytics\cfg\datasets\coco-pose.yaml" epochs=100 project=outputs/eval/ablation name=A5_adown+scsa
[2026-03-17 11:34:59] [INFO] [INFO] [A5] 结束: 2026-03-17 11:34:59 | status=FAILED | cost=1.83s
[2026-03-17 11:34:59] [INFO] [INFO] [A6] 开始: 2026-03-17 11:34:59
[2026-03-17 11:34:59] [INFO] [INFO] [A6] CMD: "B:\ultralytics\.venv310\Scripts\python.exe" -m ultralytics pose train model="C:\Users\YiLanQiu\Desktop\tsst\generated_models\A6_dyrfaup+scsa.yaml" data="B:\ultralytics\ProjectOptimization\src\ultralytics-main\ultralytics\cfg\datasets\coco-pose.yaml" epochs=100 project=outputs/eval/ablation name=A6_dyrfaup+scsa
[2026-03-17 11:35:00] [INFO] [INFO] [A6] 结束: 2026-03-17 11:35:00 | status=FAILED | cost=1.9s
[2026-03-17 11:35:00] [INFO] [INFO] [A7] 开始: 2026-03-17 11:35:00
[2026-03-17 11:35:00] [INFO] [INFO] [A7] CMD: "B:\ultralytics\.venv310\Scripts\python.exe" -m ultralytics pose train model="C:\Users\YiLanQiu\Desktop\tsst\generated_models\A7_all3.yaml" data="B:\ultralytics\ProjectOptimization\src\ultralytics-main\ultralytics\cfg\datasets\coco-pose.yaml" epochs=100 project=outputs/eval/ablation name=A7_all3
[2026-03-17 11:35:02] [INFO] [INFO] [A7] 结束: 2026-03-17 11:35:02 | status=FAILED | cost=1.72s
[2026-03-17 11:35:02] [INFO] [OK] 结果CSV: C:\Users\YiLanQiu\Desktop\tsst\ablation_results.csv
[2026-03-17 11:35:02] [INFO] [OK] 结果MD: C:\Users\YiLanQiu\Desktop\tsst\ablation_results.md
[2026-03-17 11:35:02] [INFO] 任务结束: ablation_run
[2026-03-17 11:39:57] [INFO] 模型列表刷新完成（精简模式，默认best策略）
[2026-03-17 11:40:00] [INFO] 启动命令: B:\ultralytics\.venv310\Scripts\python.exe B:\ultralytics\ProjectOptimization\scripts\env\check_env.py
[2026-03-17 11:40:00] [INFO] [INFO] Python: 3.10.11 | exe: B:\ultralytics\.venv310\Scripts\python.exe
[2026-03-17 11:40:02] [INFO] WARNING ⚠️ Ultralytics settings reset to default values. This may be due to a possible problem with your settings or a recent ultralytics package update. 
[2026-03-17 11:40:02] [INFO] View Ultralytics Settings with 'yolo settings' or at 'C:\Users\YiLanQiu\AppData\Roaming\Ultralytics\settings.json'
[2026-03-17 11:40:02] [INFO] Update Settings with 'yolo settings key=value', i.e. 'yolo settings runs_dir=path/to/dir'. For help see https://docs.ultralytics.com/quickstart/#ultralytics-settings.
[2026-03-17 11:40:03] [INFO] [INFO] Torch: 2.4.1+cu121
[2026-03-17 11:40:03] [INFO] [INFO] CUDA available: True
[2026-03-17 11:40:03] [INFO] [INFO] GPU: NVIDIA GeForce RTX 4060 Laptop GPU
[2026-03-17 11:40:03] [INFO] [OK] Environment check passed.
[2026-03-17 11:40:03] [INFO] [0m
[2026-03-17 11:40:03] [INFO] 任务结束: env
[2026-03-17 11:40:07] [INFO] 启动命令: B:\ultralytics\.venv310\Scripts\python.exe B:\ultralytics\ProjectOptimization\scripts\tools\model_smoke_test.py --yolo B:\ultralytics\ProjectOptimization\models\yolo\custom\yolo_pose_best.pt --stgcn B:\ultralytics\ProjectOptimization\models\stgcn\out17\best.pt --layout auto
[2026-03-17 11:40:09] [INFO] WARNING Ultralytics settings reset to default values. This may be due to a possible problem with your settings or a recent ultralytics package update. 
[2026-03-17 11:40:09] [INFO] View Ultralytics Settings with 'yolo settings' or at 'C:\Users\YiLanQiu\AppData\Roaming\Ultralytics\settings.json'
[2026-03-17 11:40:09] [INFO] Update Settings with 'yolo settings key=value', i.e. 'yolo settings runs_dir=path/to/dir'. For help see https://docs.ultralytics.com/quickstart/#ultralytics-settings.
[2026-03-17 11:40:09] [INFO] [INFO] 检查YOLO权重: B:\ultralytics\ProjectOptimization\models\yolo\custom\yolo_pose_best.pt
[2026-03-17 11:40:09] [INFO] [INFO] 检查ST-GCN权重: B:\ultralytics\ProjectOptimization\models\stgcn\out17\best.pt
[2026-03-17 11:40:09] [INFO] [INFO] ST-GCN layout: yolopose, num_class: 10
[2026-03-17 11:40:09] [INFO] [OK] 模型检查通过
[2026-03-17 11:40:09] [INFO] [0m
[2026-03-17 11:40:10] [INFO] 任务结束: test
[2026-03-17 11:40:29] [INFO] 启动命令: B:\ultralytics\.venv310\Scripts\python.exe B:\ultralytics\ProjectOptimization\scripts\tools\generate_ablation_plan.py --output-dir C:\Users\YiLanQiu\Desktop\tsst --theme yolo_modules --data-profile v17 --model-yaml B:\ultralytics\ProjectOptimization\src\ultralytics-main\ultralytics\cfg\models\11\a-yolo11-MAN-Faster.yaml --data-yaml B:\ultralytics\ProjectOptimization\src\ultralytics-main\ultralytics\cfg\datasets\coco-pose.yaml --epochs 100
[2026-03-17 11:40:29] [INFO] [OK] 消融模板已生成: C:\Users\YiLanQiu\Desktop\tsst
[2026-03-17 11:40:29] [INFO] [OK] 计划文件: C:\Users\YiLanQiu\Desktop\tsst\ablation_plan.md
[2026-03-17 11:40:29] [INFO] [OK] 表格文件: C:\Users\YiLanQiu\Desktop\tsst\ablation_plan.csv
[2026-03-17 11:40:29] [INFO] [OK] 命令模板: C:\Users\YiLanQiu\Desktop\tsst\run_commands.txt
[2026-03-17 11:40:29] [INFO] [OK] 变体模型YAML目录: C:\Users\YiLanQiu\Desktop\tsst\generated_models
[2026-03-17 11:40:29] [INFO] 任务结束: ablation
[2026-03-17 11:40:31] [INFO] 启动命令: B:\ultralytics\.venv310\Scripts\python.exe B:\ultralytics\ProjectOptimization\scripts\tools\run_ablation_batch.py --plan-dir C:\Users\YiLanQiu\Desktop\tsst --continue-on-error
[2026-03-17 11:40:32] [INFO] [INFO] 批跑目录: C:\Users\YiLanQiu\Desktop\tsst
[2026-03-17 11:40:32] [INFO] [INFO] 命令数: 8
[2026-03-17 11:40:32] [INFO] [INFO] [A0] 开始: 2026-03-17 11:40:32
[2026-03-17 11:40:32] [INFO] [INFO] [A0] CMD: B:\ultralytics\.venv310\Scripts\yolo.exe pose train model=\"C:\Users\YiLanQiu\Desktop\tsst\generated_models\A0_baseline.yaml\" data=\"B:\ultralytics\ProjectOptimization\src\ultralytics-main\ultralytics\cfg\datasets\coco-pose.yaml\" epochs=100 project=outputs/eval/ablation name=A0_baseline
[2026-03-17 11:40:34] [INFO] [INFO] [A0] 结束: 2026-03-17 11:40:34 | status=FAILED | cost=2.14s
[2026-03-17 11:40:34] [INFO] [INFO] [A1] 开始: 2026-03-17 11:40:34
[2026-03-17 11:40:34] [INFO] [INFO] [A1] CMD: B:\ultralytics\.venv310\Scripts\yolo.exe pose train model=\"C:\Users\YiLanQiu\Desktop\tsst\generated_models\A1_adown.yaml\" data=\"B:\ultralytics\ProjectOptimization\src\ultralytics-main\ultralytics\cfg\datasets\coco-pose.yaml\" epochs=100 project=outputs/eval/ablation name=A1_adown
[2026-03-17 11:40:36] [INFO] [INFO] [A1] 结束: 2026-03-17 11:40:36 | status=FAILED | cost=2.1s
[2026-03-17 11:40:36] [INFO] [INFO] [A2] 开始: 2026-03-17 11:40:36
[2026-03-17 11:40:36] [INFO] [INFO] [A2] CMD: B:\ultralytics\.venv310\Scripts\yolo.exe pose train model=\"C:\Users\YiLanQiu\Desktop\tsst\generated_models\A2_dyrfaup.yaml\" data=\"B:\ultralytics\ProjectOptimization\src\ultralytics-main\ultralytics\cfg\datasets\coco-pose.yaml\" epochs=100 project=outputs/eval/ablation name=A2_dyrfaup
[2026-03-17 11:40:38] [INFO] [INFO] [A2] 结束: 2026-03-17 11:40:38 | status=FAILED | cost=2.14s
[2026-03-17 11:40:38] [INFO] [INFO] [A3] 开始: 2026-03-17 11:40:38
[2026-03-17 11:40:38] [INFO] [INFO] [A3] CMD: B:\ultralytics\.venv310\Scripts\yolo.exe pose train model=\"C:\Users\YiLanQiu\Desktop\tsst\generated_models\A3_scsa.yaml\" data=\"B:\ultralytics\ProjectOptimization\src\ultralytics-main\ultralytics\cfg\datasets\coco-pose.yaml\" epochs=100 project=outputs/eval/ablation name=A3_scsa
[2026-03-17 11:40:40] [INFO] [INFO] [A3] 结束: 2026-03-17 11:40:40 | status=FAILED | cost=2.15s
[2026-03-17 11:40:40] [INFO] [INFO] [A4] 开始: 2026-03-17 11:40:40
[2026-03-17 11:40:40] [INFO] [INFO] [A4] CMD: B:\ultralytics\.venv310\Scripts\yolo.exe pose train model=\"C:\Users\YiLanQiu\Desktop\tsst\generated_models\A4_adown+dyrfaup.yaml\" data=\"B:\ultralytics\ProjectOptimization\src\ultralytics-main\ultralytics\cfg\datasets\coco-pose.yaml\" epochs=100 project=outputs/eval/ablation name=A4_adown+dyrfaup
[2026-03-17 11:40:42] [INFO] [INFO] [A4] 结束: 2026-03-17 11:40:42 | status=FAILED | cost=2.17s
[2026-03-17 11:40:42] [INFO] [INFO] [A5] 开始: 2026-03-17 11:40:42
[2026-03-17 11:40:42] [INFO] [INFO] [A5] CMD: B:\ultralytics\.venv310\Scripts\yolo.exe pose train model=\"C:\Users\YiLanQiu\Desktop\tsst\generated_models\A5_adown+scsa.yaml\" data=\"B:\ultralytics\ProjectOptimization\src\ultralytics-main\ultralytics\cfg\datasets\coco-pose.yaml\" epochs=100 project=outputs/eval/ablation name=A5_adown+scsa
[2026-03-17 11:40:45] [INFO] [INFO] [A5] 结束: 2026-03-17 11:40:45 | status=FAILED | cost=2.13s
[2026-03-17 11:40:45] [INFO] [INFO] [A6] 开始: 2026-03-17 11:40:45
[2026-03-17 11:40:45] [INFO] [INFO] [A6] CMD: B:\ultralytics\.venv310\Scripts\yolo.exe pose train model=\"C:\Users\YiLanQiu\Desktop\tsst\generated_models\A6_dyrfaup+scsa.yaml\" data=\"B:\ultralytics\ProjectOptimization\src\ultralytics-main\ultralytics\cfg\datasets\coco-pose.yaml\" epochs=100 project=outputs/eval/ablation name=A6_dyrfaup+scsa
[2026-03-17 11:40:47] [INFO] [INFO] [A6] 结束: 2026-03-17 11:40:47 | status=FAILED | cost=2.1s
[2026-03-17 11:40:47] [INFO] [INFO] [A7] 开始: 2026-03-17 11:40:47
[2026-03-17 11:40:47] [INFO] [INFO] [A7] CMD: B:\ultralytics\.venv310\Scripts\yolo.exe pose train model=\"C:\Users\YiLanQiu\Desktop\tsst\generated_models\A7_all3.yaml\" data=\"B:\ultralytics\ProjectOptimization\src\ultralytics-main\ultralytics\cfg\datasets\coco-pose.yaml\" epochs=100 project=outputs/eval/ablation name=A7_all3
[2026-03-17 11:40:49] [INFO] [INFO] [A7] 结束: 2026-03-17 11:40:49 | status=FAILED | cost=2.17s
[2026-03-17 11:40:49] [INFO] [OK] 结果CSV: C:\Users\YiLanQiu\Desktop\tsst\ablation_results.csv
[2026-03-17 11:40:49] [INFO] [OK] 结果MD: C:\Users\YiLanQiu\Desktop\tsst\ablation_results.md
[2026-03-17 11:40:49] [INFO] 任务结束: ablation_run
[2026-03-17 11:42:06] [INFO] 启动命令: B:\ultralytics\.venv310\Scripts\python.exe B:\ultralytics\ProjectOptimization\scripts\train\train_stgcn_pretrain.py --config B:\ultralytics\ProjectOptimization\configs\train\train_stgcn_out17.yaml --weights B:\ultralytics\ProjectOptimization\models\stgcn\out17\best.pt --layout yolopose
[2026-03-17 11:42:08] [INFO] [INFO] 训练layout: yolopose
[2026-03-17 11:42:08] [INFO] [INFO] 检测到初始化权重与当前任务类别一致，保留分类头继续预训练。
[2026-03-17 11:42:08] [INFO] [INFO] B:\ultralytics\.venv310\Scripts\python.exe B:\ultralytics\ProjectOptimization\src\ultralytics-main\main.py recognition -c B:\ultralytics\ProjectOptimization\logs\run_logs\_tmp_train_pretrain_1773718928.yaml --weights B:\ultralytics\ProjectOptimization\models\stgcn\out17\best.pt --log_interval 1
[2026-03-17 11:42:10] [INFO] [03.17.26|11:42:10] Load weights from B:\ultralytics\ProjectOptimization\models\stgcn\out17\best.pt.
[2026-03-17 11:42:10] [INFO] [03.17.26|11:42:10] Load weights [A].
[2026-03-17 11:42:10] [INFO] [03.17.26|11:42:10] Load weights [data_bn.weight].
[2026-03-17 11:42:10] [INFO] [03.17.26|11:42:10] Load weights [data_bn.bias].
[2026-03-17 11:42:10] [INFO] [03.17.26|11:42:10] Load weights [data_bn.running_mean].
[2026-03-17 11:42:10] [INFO] [03.17.26|11:42:10] Load weights [data_bn.running_var].
[2026-03-17 11:42:10] [INFO] [03.17.26|11:42:10] Load weights [data_bn.num_batches_tracked].
[2026-03-17 11:42:10] [INFO] [03.17.26|11:42:10] Load weights [st_gcn_networks.0.gcn.conv.weight].
[2026-03-17 11:42:10] [INFO] [03.17.26|11:42:10] Load weights [st_gcn_networks.0.gcn.conv.bias].
[2026-03-17 11:42:10] [INFO] [03.17.26|11:42:10] Load weights [st_gcn_networks.0.tcn.0.weight].
[2026-03-17 11:42:10] [INFO] [03.17.26|11:42:10] Load weights [st_gcn_networks.0.tcn.0.bias].
[2026-03-17 11:42:10] [INFO] [03.17.26|11:42:10] Load weights [st_gcn_networks.0.tcn.0.running_mean].
[2026-03-17 11:42:10] [INFO] [03.17.26|11:42:10] Load weights [st_gcn_networks.0.tcn.0.running_var].
[2026-03-17 11:42:10] [INFO] [03.17.26|11:42:10] Load weights [st_gcn_networks.0.tcn.0.num_batches_tracked].
[2026-03-17 11:42:10] [INFO] [03.17.26|11:42:10] Load weights [st_gcn_networks.0.tcn.2.weight].
[2026-03-17 11:42:10] [INFO] [03.17.26|11:42:10] Load weights [st_gcn_networks.0.tcn.2.bias].
[2026-03-17 11:42:10] [INFO] [03.17.26|11:42:10] Load weights [st_gcn_networks.0.tcn.3.weight].
[2026-03-17 11:42:10] [INFO] [03.17.26|11:42:10] Load weights [st_gcn_networks.0.tcn.3.bias].
[2026-03-17 11:42:10] [INFO] [03.17.26|11:42:10] Load weights [st_gcn_networks.0.tcn.3.running_mean].
[2026-03-17 11:42:10] [INFO] [03.17.26|11:42:10] Load weights [st_gcn_networks.0.tcn.3.running_var].
[2026-03-17 11:42:10] [INFO] [03.17.26|11:42:10] Load weights [st_gcn_networks.0.tcn.3.num_batches_tracked].
[2026-03-17 11:42:10] [INFO] [03.17.26|11:42:10] Load weights [st_gcn_networks.1.gcn.conv.weight].
[2026-03-17 11:42:10] [INFO] [03.17.26|11:42:10] Load weights [st_gcn_networks.1.gcn.conv.bias].
[2026-03-17 11:42:10] [INFO] [03.17.26|11:42:10] Load weights [st_gcn_networks.1.tcn.0.weight].
[2026-03-17 11:42:10] [INFO] [03.17.26|11:42:10] Load weights [st_gcn_networks.1.tcn.0.bias].
[2026-03-17 11:42:10] [INFO] [03.17.26|11:42:10] Load weights [st_gcn_networks.1.tcn.0.running_mean].
[2026-03-17 11:42:10] [INFO] [03.17.26|11:42:10] Load weights [st_gcn_networks.1.tcn.0.running_var].
[2026-03-17 11:42:10] [INFO] [03.17.26|11:42:10] Load weights [st_gcn_networks.1.tcn.0.num_batches_tracked].
[2026-03-17 11:42:10] [INFO] [03.17.26|11:42:10] Load weights [st_gcn_networks.1.tcn.2.weight].
[2026-03-17 11:42:10] [INFO] [03.17.26|11:42:10] Load weights [st_gcn_networks.1.tcn.2.bias].
[2026-03-17 11:42:10] [INFO] [03.17.26|11:42:10] Load weights [st_gcn_networks.1.tcn.3.weight].
[2026-03-17 11:42:10] [INFO] [03.17.26|11:42:10] Load weights [st_gcn_networks.1.tcn.3.bias].
[2026-03-17 11:42:10] [INFO] [03.17.26|11:42:10] Load weights [st_gcn_networks.1.tcn.3.running_mean].
[2026-03-17 11:42:10] [INFO] [03.17.26|11:42:10] Load weights [st_gcn_networks.1.tcn.3.running_var].
[2026-03-17 11:42:10] [INFO] [03.17.26|11:42:10] Load weights [st_gcn_networks.1.tcn.3.num_batches_tracked].
[2026-03-17 11:42:10] [INFO] [03.17.26|11:42:10] Load weights [st_gcn_networks.2.gcn.conv.weight].
[2026-03-17 11:42:10] [INFO] [03.17.26|11:42:10] Load weights [st_gcn_networks.2.gcn.conv.bias].
[2026-03-17 11:42:10] [INFO] [03.17.26|11:42:10] Load weights [st_gcn_networks.2.tcn.0.weight].
[2026-03-17 11:42:10] [INFO] [03.17.26|11:42:10] Load weights [st_gcn_networks.2.tcn.0.bias].
[2026-03-17 11:42:10] [INFO] [03.17.26|11:42:10] Load weights [st_gcn_networks.2.tcn.0.running_mean].
[2026-03-17 11:42:10] [INFO] [03.17.26|11:42:10] Load weights [st_gcn_networks.2.tcn.0.running_var].
[2026-03-17 11:42:10] [INFO] [03.17.26|11:42:10] Load weights [st_gcn_networks.2.tcn.0.num_batches_tracked].
[2026-03-17 11:42:10] [INFO] [03.17.26|11:42:10] Load weights [st_gcn_networks.2.tcn.2.weight].
[2026-03-17 11:42:10] [INFO] [03.17.26|11:42:10] Load weights [st_gcn_networks.2.tcn.2.bias].
[2026-03-17 11:42:10] [INFO] [03.17.26|11:42:10] Load weights [st_gcn_networks.2.tcn.3.weight].
[2026-03-17 11:42:10] [INFO] [03.17.26|11:42:10] Load weights [st_gcn_networks.2.tcn.3.bias].
[2026-03-17 11:42:10] [INFO] [03.17.26|11:42:10] Load weights [st_gcn_networks.2.tcn.3.running_mean].
[2026-03-17 11:42:10] [INFO] [03.17.26|11:42:10] Load weights [st_gcn_networks.2.tcn.3.running_var].
[2026-03-17 11:42:10] [INFO] [03.17.26|11:42:10] Load weights [st_gcn_networks.2.tcn.3.num_batches_tracked].
[2026-03-17 11:42:10] [INFO] [03.17.26|11:42:10] Load weights [st_gcn_networks.3.gcn.conv.weight].
[2026-03-17 11:42:10] [INFO] [03.17.26|11:42:10] Load weights [st_gcn_networks.3.gcn.conv.bias].
[2026-03-17 11:42:10] [INFO] [03.17.26|11:42:10] Load weights [st_gcn_networks.3.tcn.0.weight].
[2026-03-17 11:42:10] [INFO] [03.17.26|11:42:10] Load weights [st_gcn_networks.3.tcn.0.bias].
[2026-03-17 11:42:10] [INFO] [03.17.26|11:42:10] Load weights [st_gcn_networks.3.tcn.0.running_mean].
[2026-03-17 11:42:10] [INFO] [03.17.26|11:42:10] Load weights [st_gcn_networks.3.tcn.0.running_var].
[2026-03-17 11:42:10] [INFO] [03.17.26|11:42:10] Load weights [st_gcn_networks.3.tcn.0.num_batches_tracked].
[2026-03-17 11:42:10] [INFO] [03.17.26|11:42:10] Load weights [st_gcn_networks.3.tcn.2.weight].
[2026-03-17 11:42:10] [INFO] [03.17.26|11:42:10] Load weights [st_gcn_networks.3.tcn.2.bias].
[2026-03-17 11:42:10] [INFO] [03.17.26|11:42:10] Load weights [st_gcn_networks.3.tcn.3.weight].
[2026-03-17 11:42:10] [INFO] [03.17.26|11:42:10] Load weights [st_gcn_networks.3.tcn.3.bias].
[2026-03-17 11:42:10] [INFO] [03.17.26|11:42:10] Load weights [st_gcn_networks.3.tcn.3.running_mean].
[2026-03-17 11:42:10] [INFO] [03.17.26|11:42:10] Load weights [st_gcn_networks.3.tcn.3.running_var].
[2026-03-17 11:42:10] [INFO] [03.17.26|11:42:10] Load weights [st_gcn_networks.3.tcn.3.num_batches_tracked].
[2026-03-17 11:42:10] [INFO] [03.17.26|11:42:10] Load weights [st_gcn_networks.4.gcn.conv.weight].
[2026-03-17 11:42:10] [INFO] [03.17.26|11:42:10] Load weights [st_gcn_networks.4.gcn.conv.bias].
[2026-03-17 11:42:10] [INFO] [03.17.26|11:42:10] Load weights [st_gcn_networks.4.tcn.0.weight].
[2026-03-17 11:42:10] [INFO] [03.17.26|11:42:10] Load weights [st_gcn_networks.4.tcn.0.bias].
[2026-03-17 11:42:10] [INFO] [03.17.26|11:42:10] Load weights [st_gcn_networks.4.tcn.0.running_mean].
[2026-03-17 11:42:10] [INFO] [03.17.26|11:42:10] Load weights [st_gcn_networks.4.tcn.0.running_var].
[2026-03-17 11:42:10] [INFO] [03.17.26|11:42:10] Load weights [st_gcn_networks.4.tcn.0.num_batches_tracked].
[2026-03-17 11:42:10] [INFO] [03.17.26|11:42:10] Load weights [st_gcn_networks.4.tcn.2.weight].
[2026-03-17 11:42:10] [INFO] [03.17.26|11:42:10] Load weights [st_gcn_networks.4.tcn.2.bias].
[2026-03-17 11:42:10] [INFO] [03.17.26|11:42:10] Load weights [st_gcn_networks.4.tcn.3.weight].
[2026-03-17 11:42:10] [INFO] [03.17.26|11:42:10] Load weights [st_gcn_networks.4.tcn.3.bias].
[2026-03-17 11:42:10] [INFO] [03.17.26|11:42:10] Load weights [st_gcn_networks.4.tcn.3.running_mean].
[2026-03-17 11:42:10] [INFO] [03.17.26|11:42:10] Load weights [st_gcn_networks.4.tcn.3.running_var].
[2026-03-17 11:42:10] [INFO] [03.17.26|11:42:10] Load weights [st_gcn_networks.4.tcn.3.num_batches_tracked].
[2026-03-17 11:42:10] [INFO] [03.17.26|11:42:10] Load weights [st_gcn_networks.4.residual.0.weight].
[2026-03-17 11:42:10] [INFO] [03.17.26|11:42:10] Load weights [st_gcn_networks.4.residual.0.bias].
[2026-03-17 11:42:10] [INFO] [03.17.26|11:42:10] Load weights [st_gcn_networks.4.residual.1.weight].
[2026-03-17 11:42:10] [INFO] [03.17.26|11:42:10] Load weights [st_gcn_networks.4.residual.1.bias].
[2026-03-17 11:42:10] [INFO] [03.17.26|11:42:10] Load weights [st_gcn_networks.4.residual.1.running_mean].
[2026-03-17 11:42:10] [INFO] [03.17.26|11:42:10] Load weights [st_gcn_networks.4.residual.1.running_var].
[2026-03-17 11:42:10] [INFO] [03.17.26|11:42:10] Load weights [st_gcn_networks.4.residual.1.num_batches_tracked].
[2026-03-17 11:42:10] [INFO] [03.17.26|11:42:10] Load weights [st_gcn_networks.5.gcn.conv.weight].
[2026-03-17 11:42:10] [INFO] [03.17.26|11:42:10] Load weights [st_gcn_networks.5.gcn.conv.bias].
[2026-03-17 11:42:10] [INFO] [03.17.26|11:42:10] Load weights [st_gcn_networks.5.tcn.0.weight].
[2026-03-17 11:42:10] [INFO] [03.17.26|11:42:10] Load weights [st_gcn_networks.5.tcn.0.bias].
[2026-03-17 11:42:10] [INFO] [03.17.26|11:42:10] Load weights [st_gcn_networks.5.tcn.0.running_mean].
[2026-03-17 11:42:10] [INFO] [03.17.26|11:42:10] Load weights [st_gcn_networks.5.tcn.0.running_var].
[2026-03-17 11:42:10] [INFO] [03.17.26|11:42:10] Load weights [st_gcn_networks.5.tcn.0.num_batches_tracked].
[2026-03-17 11:42:10] [INFO] [03.17.26|11:42:10] Load weights [st_gcn_networks.5.tcn.2.weight].
[2026-03-17 11:42:10] [INFO] [03.17.26|11:42:10] Load weights [st_gcn_networks.5.tcn.2.bias].
[2026-03-17 11:42:10] [INFO] [03.17.26|11:42:10] Load weights [st_gcn_networks.5.tcn.3.weight].
[2026-03-17 11:42:10] [INFO] [03.17.26|11:42:10] Load weights [st_gcn_networks.5.tcn.3.bias].
[2026-03-17 11:42:10] [INFO] [03.17.26|11:42:10] Load weights [st_gcn_networks.5.tcn.3.running_mean].
[2026-03-17 11:42:10] [INFO] [03.17.26|11:42:10] Load weights [st_gcn_networks.5.tcn.3.running_var].
[2026-03-17 11:42:10] [INFO] [03.17.26|11:42:10] Load weights [st_gcn_networks.5.tcn.3.num_batches_tracked].
[2026-03-17 11:42:10] [INFO] [03.17.26|11:42:10] Load weights [st_gcn_networks.6.gcn.conv.weight].
[2026-03-17 11:42:10] [INFO] [03.17.26|11:42:10] Load weights [st_gcn_networks.6.gcn.conv.bias].
[2026-03-17 11:42:10] [INFO] [03.17.26|11:42:10] Load weights [st_gcn_networks.6.tcn.0.weight].
[2026-03-17 11:42:10] [INFO] [03.17.26|11:42:10] Load weights [st_gcn_networks.6.tcn.0.bias].
[2026-03-17 11:42:10] [INFO] [03.17.26|11:42:10] Load weights [st_gcn_networks.6.tcn.0.running_mean].
[2026-03-17 11:42:10] [INFO] [03.17.26|11:42:10] Load weights [st_gcn_networks.6.tcn.0.running_var].
[2026-03-17 11:42:10] [INFO] [03.17.26|11:42:10] Load weights [st_gcn_networks.6.tcn.0.num_batches_tracked].
[2026-03-17 11:42:10] [INFO] [03.17.26|11:42:10] Load weights [st_gcn_networks.6.tcn.2.weight].
[2026-03-17 11:42:10] [INFO] [03.17.26|11:42:10] Load weights [st_gcn_networks.6.tcn.2.bias].
[2026-03-17 11:42:10] [INFO] [03.17.26|11:42:10] Load weights [st_gcn_networks.6.tcn.3.weight].
[2026-03-17 11:42:10] [INFO] [03.17.26|11:42:10] Load weights [st_gcn_networks.6.tcn.3.bias].
[2026-03-17 11:42:10] [INFO] [03.17.26|11:42:10] Load weights [st_gcn_networks.6.tcn.3.running_mean].
[2026-03-17 11:42:10] [INFO] [03.17.26|11:42:10] Load weights [st_gcn_networks.6.tcn.3.running_var].
[2026-03-17 11:42:10] [INFO] [03.17.26|11:42:10] Load weights [st_gcn_networks.6.tcn.3.num_batches_tracked].
[2026-03-17 11:42:10] [INFO] [03.17.26|11:42:10] Load weights [st_gcn_networks.7.gcn.conv.weight].
[2026-03-17 11:42:10] [INFO] [03.17.26|11:42:10] Load weights [st_gcn_networks.7.gcn.conv.bias].
[2026-03-17 11:42:10] [INFO] [03.17.26|11:42:10] Load weights [st_gcn_networks.7.tcn.0.weight].
[2026-03-17 11:42:10] [INFO] [03.17.26|11:42:10] Load weights [st_gcn_networks.7.tcn.0.bias].
[2026-03-17 11:42:10] [INFO] [03.17.26|11:42:10] Load weights [st_gcn_networks.7.tcn.0.running_mean].
[2026-03-17 11:42:10] [INFO] [03.17.26|11:42:10] Load weights [st_gcn_networks.7.tcn.0.running_var].
[2026-03-17 11:42:10] [INFO] [03.17.26|11:42:10] Load weights [st_gcn_networks.7.tcn.0.num_batches_tracked].
[2026-03-17 11:42:10] [INFO] [03.17.26|11:42:10] Load weights [st_gcn_networks.7.tcn.2.weight].
[2026-03-17 11:42:10] [INFO] [03.17.26|11:42:10] Load weights [st_gcn_networks.7.tcn.2.bias].
[2026-03-17 11:42:10] [INFO] [03.17.26|11:42:10] Load weights [st_gcn_networks.7.tcn.3.weight].
[2026-03-17 11:42:10] [INFO] [03.17.26|11:42:10] Load weights [st_gcn_networks.7.tcn.3.bias].
[2026-03-17 11:42:10] [INFO] [03.17.26|11:42:10] Load weights [st_gcn_networks.7.tcn.3.running_mean].
[2026-03-17 11:42:10] [INFO] [03.17.26|11:42:10] Load weights [st_gcn_networks.7.tcn.3.running_var].
[2026-03-17 11:42:10] [INFO] [03.17.26|11:42:10] Load weights [st_gcn_networks.7.tcn.3.num_batches_tracked].
[2026-03-17 11:42:10] [INFO] [03.17.26|11:42:10] Load weights [st_gcn_networks.7.residual.0.weight].
[2026-03-17 11:42:10] [INFO] [03.17.26|11:42:10] Load weights [st_gcn_networks.7.residual.0.bias].
[2026-03-17 11:42:10] [INFO] [03.17.26|11:42:10] Load weights [st_gcn_networks.7.residual.1.weight].
[2026-03-17 11:42:10] [INFO] [03.17.26|11:42:10] Load weights [st_gcn_networks.7.residual.1.bias].
[2026-03-17 11:42:10] [INFO] [03.17.26|11:42:10] Load weights [st_gcn_networks.7.residual.1.running_mean].
[2026-03-17 11:42:10] [INFO] [03.17.26|11:42:10] Load weights [st_gcn_networks.7.residual.1.running_var].
[2026-03-17 11:42:10] [INFO] [03.17.26|11:42:10] Load weights [st_gcn_networks.7.residual.1.num_batches_tracked].
[2026-03-17 11:42:10] [INFO] [03.17.26|11:42:10] Load weights [st_gcn_networks.8.gcn.conv.weight].
[2026-03-17 11:42:10] [INFO] [03.17.26|11:42:10] Load weights [st_gcn_networks.8.gcn.conv.bias].
[2026-03-17 11:42:10] [INFO] [03.17.26|11:42:10] Load weights [st_gcn_networks.8.tcn.0.weight].
[2026-03-17 11:42:10] [INFO] [03.17.26|11:42:10] Load weights [st_gcn_networks.8.tcn.0.bias].
[2026-03-17 11:42:10] [INFO] [03.17.26|11:42:10] Load weights [st_gcn_networks.8.tcn.0.running_mean].
[2026-03-17 11:42:10] [INFO] [03.17.26|11:42:10] Load weights [st_gcn_networks.8.tcn.0.running_var].
[2026-03-17 11:42:10] [INFO] [03.17.26|11:42:10] Load weights [st_gcn_networks.8.tcn.0.num_batches_tracked].
[2026-03-17 11:42:10] [INFO] [03.17.26|11:42:10] Load weights [st_gcn_networks.8.tcn.2.weight].
[2026-03-17 11:42:10] [INFO] [03.17.26|11:42:10] Load weights [st_gcn_networks.8.tcn.2.bias].
[2026-03-17 11:42:10] [INFO] [03.17.26|11:42:10] Load weights [st_gcn_networks.8.tcn.3.weight].
[2026-03-17 11:42:10] [INFO] [03.17.26|11:42:10] Load weights [st_gcn_networks.8.tcn.3.bias].
[2026-03-17 11:42:10] [INFO] [03.17.26|11:42:10] Load weights [st_gcn_networks.8.tcn.3.running_mean].
[2026-03-17 11:42:10] [INFO] [03.17.26|11:42:10] Load weights [st_gcn_networks.8.tcn.3.running_var].
[2026-03-17 11:42:10] [INFO] [03.17.26|11:42:10] Load weights [st_gcn_networks.8.tcn.3.num_batches_tracked].
[2026-03-17 11:42:10] [INFO] [03.17.26|11:42:10] Load weights [st_gcn_networks.9.gcn.conv.weight].
[2026-03-17 11:42:10] [INFO] [03.17.26|11:42:10] Load weights [st_gcn_networks.9.gcn.conv.bias].
[2026-03-17 11:42:10] [INFO] [03.17.26|11:42:10] Load weights [st_gcn_networks.9.tcn.0.weight].
[2026-03-17 11:42:10] [INFO] [03.17.26|11:42:10] Load weights [st_gcn_networks.9.tcn.0.bias].
[2026-03-17 11:42:10] [INFO] [03.17.26|11:42:10] Load weights [st_gcn_networks.9.tcn.0.running_mean].
[2026-03-17 11:42:10] [INFO] [03.17.26|11:42:10] Load weights [st_gcn_networks.9.tcn.0.running_var].
[2026-03-17 11:42:10] [INFO] [03.17.26|11:42:10] Load weights [st_gcn_networks.9.tcn.0.num_batches_tracked].
[2026-03-17 11:42:10] [INFO] [03.17.26|11:42:10] Load weights [st_gcn_networks.9.tcn.2.weight].
[2026-03-17 11:42:10] [INFO] [03.17.26|11:42:10] Load weights [st_gcn_networks.9.tcn.2.bias].
[2026-03-17 11:42:10] [INFO] [03.17.26|11:42:10] Load weights [st_gcn_networks.9.tcn.3.weight].
[2026-03-17 11:42:10] [INFO] [03.17.26|11:42:10] Load weights [st_gcn_networks.9.tcn.3.bias].
[2026-03-17 11:42:10] [INFO] [03.17.26|11:42:10] Load weights [st_gcn_networks.9.tcn.3.running_mean].
[2026-03-17 11:42:10] [INFO] [03.17.26|11:42:10] Load weights [st_gcn_networks.9.tcn.3.running_var].
[2026-03-17 11:42:10] [INFO] [03.17.26|11:42:10] Load weights [st_gcn_networks.9.tcn.3.num_batches_tracked].
[2026-03-17 11:42:10] [INFO] [03.17.26|11:42:10] Load weights [edge_importance.0].
[2026-03-17 11:42:10] [INFO] [03.17.26|11:42:10] Load weights [edge_importance.1].
[2026-03-17 11:42:10] [INFO] [03.17.26|11:42:10] Load weights [edge_importance.2].
[2026-03-17 11:42:10] [INFO] [03.17.26|11:42:10] Load weights [edge_importance.3].
[2026-03-17 11:42:10] [INFO] [03.17.26|11:42:10] Load weights [edge_importance.4].
[2026-03-17 11:42:10] [INFO] [03.17.26|11:42:10] Load weights [edge_importance.5].
[2026-03-17 11:42:10] [INFO] [03.17.26|11:42:10] Load weights [edge_importance.6].
[2026-03-17 11:42:10] [INFO] [03.17.26|11:42:10] Load weights [edge_importance.7].
[2026-03-17 11:42:10] [INFO] [03.17.26|11:42:10] Load weights [edge_importance.8].
[2026-03-17 11:42:10] [INFO] [03.17.26|11:42:10] Load weights [edge_importance.9].
[2026-03-17 11:42:10] [INFO] [03.17.26|11:42:10] Load weights [fcn.weight].
[2026-03-17 11:42:10] [INFO] [03.17.26|11:42:10] Load weights [fcn.bias].
[2026-03-17 11:42:10] [INFO] Feeder is serializable
[2026-03-17 11:42:11] [INFO] [03.17.26|11:42:11] Parameters:
[2026-03-17 11:42:11] [INFO] {'work_dir': 'B:\\ultralytics\\ProjectOptimization\\models\\stgcn\\out17', 'config': 'B:\\ultralytics\\ProjectOptimization\\logs\\run_logs\\_tmp_train_pretrain_1773718928.yaml', 'phase': 'train', 'save_result': False, 'start_epoch': 0, 'num_epoch': 50, 'use_gpu': True, 'device': [0], 'log_interval': 1, 'save_interval': 10, 'eval_interval': 5, 'save_log': True, 'print_log': True, 'pavi_log': False, 'feeder': 'feeder.feeder.Feeder', 'num_worker': 4, 'train_feeder_args': {'random_choose': True, 'random_move': True, 'window_size': 300, 'data_path': 'B:\\ultralytics\\ProjectOptimization\\data\\stgcn_dataset_out17\\stgcn_dataset_out\\train_data.npy', 'label_path': 'B:\\ultralytics\\ProjectOptimization\\data\\stgcn_dataset_out17\\stgcn_dataset_out\\train_label.pkl', 'debug': False}, 'test_feeder_args': {'data_path': 'B:\\ultralytics\\ProjectOptimization\\data\\stgcn_dataset_out17\\stgcn_dataset_out\\val_data.npy', 'label_path': 'B:\\ultralytics\\ProjectOptimization\\data\\stgcn_dataset_out17\\stgcn_dataset_out\\val_label.pkl'}, 'batch_size': 64, 'test_batch_size': 64, 'debug': False, 'model': 'net.st_gcn.Model', 'model_args': {'in_channels': 3, 'num_class': 10, 'edge_importance_weighting': True, 'graph_args': {'layout': 'yolopose', 'strategy': 'spatial'}}, 'weights': 'B:\\ultralytics\\ProjectOptimization\\models\\stgcn\\out17\\best.pt', 'ignore_weights': [], 'show_topk': [1, 4], 'base_lr': 0.01, 'step': [20, 30, 40, 50], 'optimizer': 'SGD', 'nesterov': True, 'weight_decay': 0.0001, 'num_workers': 4}
[2026-03-17 11:42:11] [INFO] [03.17.26|11:42:11] Training epoch: 0
[2026-03-17 11:42:18] [WARN] 任务已手动停止
[2026-03-17 11:42:19] [INFO] 任务结束: train
[2026-03-17 11:43:02] [INFO] 模型列表刷新完成（精简模式，默认best策略）
[2026-03-17 11:43:28] [INFO] 模型列表刷新完成（精简模式，默认best策略）
[2026-03-17 11:43:39] [INFO] 启动命令: B:\ultralytics\.venv310\Scripts\python.exe B:\ultralytics\ProjectOptimization\scripts\tools\run_ablation_batch.py --plan-dir C:\Users\YiLanQiu\Desktop\tsst --continue-on-error
[2026-03-17 11:43:39] [INFO] [INFO] 批跑目录: C:\Users\YiLanQiu\Desktop\tsst
[2026-03-17 11:43:39] [INFO] [INFO] 命令数: 8
[2026-03-17 11:43:39] [INFO] [INFO] [A0] 开始: 2026-03-17 11:43:39
[2026-03-17 11:43:39] [INFO] [INFO] [A0] CMD: B:\ultralytics\.venv310\Scripts\yolo.exe pose train model=C:\Users\YiLanQiu\Desktop\tsst\generated_models\A0_baseline.yaml data=B:\ultralytics\ProjectOptimization\src\ultralytics-main\ultralytics\cfg\datasets\coco-pose.yaml epochs=100 project=outputs/eval/ablation name=A0_baseline
[2026-03-17 11:55:23] [INFO] 模型列表刷新完成（精简模式，默认best策略）
[2026-03-17 11:55:37] [INFO] 启动命令: B:\ultralytics\.venv310\Scripts\python.exe B:\ultralytics\ProjectOptimization\scripts\tools\generate_ablation_plan.py --output-dir C:\Users\YiLanQiu\Desktop\tsst --theme yolo_modules --data-profile v17 --model-yaml B:\ultralytics\ProjectOptimization\src\ultralytics-main\ultralytics\cfg\models\11\a-yolo11-MAN-Faster.yaml --data-yaml B:\ultralytics\ProjectOptimization\src\ultralytics-main\ultralytics\cfg\datasets\coco-pose.yaml --epochs 100 --device 0
[2026-03-17 11:55:38] [INFO] [OK] 消融模板已生成: C:\Users\YiLanQiu\Desktop\tsst
[2026-03-17 11:55:38] [INFO] [OK] 计划文件: C:\Users\YiLanQiu\Desktop\tsst\ablation_plan.md
[2026-03-17 11:55:38] [INFO] [OK] 表格文件: C:\Users\YiLanQiu\Desktop\tsst\ablation_plan.csv
[2026-03-17 11:55:38] [INFO] [OK] 命令模板: C:\Users\YiLanQiu\Desktop\tsst\run_commands.txt
[2026-03-17 11:55:38] [INFO] [OK] 变体模型YAML目录: C:\Users\YiLanQiu\Desktop\tsst\generated_models
[2026-03-17 11:55:38] [INFO] 任务结束: ablation
[2026-03-17 11:55:39] [INFO] 启动命令: B:\ultralytics\.venv310\Scripts\python.exe B:\ultralytics\ProjectOptimization\scripts\tools\run_ablation_batch.py --plan-dir C:\Users\YiLanQiu\Desktop\tsst --continue-on-error
[2026-03-17 11:55:40] [INFO] [INFO] 批跑目录: C:\Users\YiLanQiu\Desktop\tsst
[2026-03-17 11:55:40] [INFO] [INFO] 命令数: 8
[2026-03-17 11:55:40] [INFO] [INFO] [A0] 开始: 2026-03-17 11:55:40
[2026-03-17 11:55:40] [INFO] [INFO] [A0] CMD: B:\ultralytics\.venv310\Scripts\yolo.exe pose train model=C:\Users\YiLanQiu\Desktop\tsst\generated_models\A0_baseline.yaml data=B:\ultralytics\ProjectOptimization\src\ultralytics-main\ultralytics\cfg\datasets\coco-pose.yaml epochs=100 device=0 project=outputs/eval/ablation name=A0_baseline
[2026-03-17 11:55:42] [INFO] [A0] WARNING no model scale passed. Assuming scale='n'.
[2026-03-17 11:55:43] [INFO] [A0] New https://pypi.org/project/ultralytics/8.4.23 available  Update with 'pip install -U ultralytics'
[2026-03-17 11:55:43] [INFO] [A0] Ultralytics 8.3.209  Python-3.10.11 torch-2.4.1+cu121 CUDA:0 (NVIDIA GeForce RTX 4060 Laptop GPU, 8188MiB)
[2026-03-17 11:55:43] [INFO] [A0] [34m[1mengine\trainer: [0magnostic_nms=False, amp=True, augment=False, auto_augment=randaugment, batch=16, bgr=0.0, box=7.5, cache=False, cfg=None, classes=None, close_mosaic=10, cls=0.5, compile=False, conf=None, copy_paste=0.0, copy_paste_mode=flip, cos_lr=False, cutmix=0.0, data=B:\ultralytics\ProjectOptimization\src\ultralytics-main\ultralytics\cfg\datasets\coco-pose.yaml, degrees=0.0, deterministic=True, device=0, dfl=1.5, dnn=False, dropout=0.0, dynamic=False, embed=None, epochs=100, erasing=0.4, exist_ok=False, fliplr=0.5, flipud=0.0, format=torchscript, fraction=1.0, freeze=None, half=False, hsv_h=0.015, hsv_s=0.7, hsv_v=0.4, imgsz=640, int8=False, iou=0.7, keras=False, kobj=1.0, line_width=None, lr0=0.01, lrf=0.01, mask_ratio=4, max_det=300, mixup=0.0, mode=train, model=C:\Users\YiLanQiu\Desktop\tsst\generated_models\A0_baseline.yaml, momentum=0.937, mosaic=1.0, multi_scale=False, name=A0_baseline3, nbs=64, nms=False, opset=None, optimize=False, optimizer=auto, overlap_mask=True, patience=100, perspective=0.0, plots=True, pose=12.0, pretrained=True, profile=False, project=outputs/eval/ablation, rect=False, resume=False, retina_masks=False, save=True, save_conf=False, save_crop=False, save_dir=B:\ultralytics\ProjectOptimization\outputs\eval\ablation\A0_baseline3, save_frames=False, save_json=False, save_period=-1, save_txt=False, scale=0.5, seed=0, shear=0.0, show=False, show_boxes=True, show_conf=True, show_labels=True, simplify=True, single_cls=False, source=None, split=val, stream_buffer=False, task=pose, time=None, tracker=botsort.yaml, translate=0.1, val=True, verbose=True, vid_stride=1, visualize=False, warmup_bias_lr=0.1, warmup_epochs=3.0, warmup_momentum=0.8, weight_decay=0.0005, workers=8, workspace=None
[2026-03-17 11:55:43] [INFO] [A0] Overriding model.yaml nc=80 with nc=1
[2026-03-17 11:55:43] [INFO] [A0] WARNING no model scale passed. Assuming scale='n'.
[2026-03-17 11:55:43] [INFO] [A0] 
[2026-03-17 11:55:43] [INFO] [A0]                    from  n    params  module                                       arguments                     
[2026-03-17 11:55:43] [INFO] [A0]   0                  -1  1       464  ultralytics.nn.modules.conv.Conv             [3, 16, 3, 2]                 
[2026-03-17 11:55:43] [INFO] [A0]   1                  -1  1      4672  ultralytics.nn.modules.conv.Conv             [16, 32, 3, 2]                
[2026-03-17 11:55:43] [INFO] [A0]   2                  -1  1      6640  ultralytics.nn.modules.block.C3k2            [32, 64, 1, False, 0.25]      
[2026-03-17 11:55:43] [INFO] [A0]   3                  -1  1     36992  ultralytics.nn.modules.conv.Conv             [64, 64, 3, 2]                
[2026-03-17 11:55:43] [INFO] [A0]   4                  -1  1     26080  ultralytics.nn.modules.block.C3k2            [64, 128, 1, False, 0.25]     
[2026-03-17 11:55:43] [INFO] [A0]   5                  -1  1    147712  ultralytics.nn.modules.conv.Conv             [128, 128, 3, 2]              
[2026-03-17 11:55:43] [INFO] [A0]   6                   5  1    137728  ultralytics.nn.extra_modules.block.MANet_FasterBlock[128, 128, 1, True, 2, 3]     
[2026-03-17 11:55:43] [INFO] [A0]   7                  -1  1    295424  ultralytics.nn.modules.conv.Conv             [128, 256, 3, 2]              
[2026-03-17 11:55:43] [INFO] [A0]   8                  -1  1    542208  ultralytics.nn.extra_modules.block.MANet_FasterBlock[256, 256, 1, True, 2, 3]     
[2026-03-17 11:55:43] [INFO] [A0]   9                  -1  1    164608  ultralytics.nn.modules.block.SPPF            [256, 256, 5]                 
[2026-03-17 11:55:43] [INFO] [A0]  10                  -1  1    249728  ultralytics.nn.modules.block.C2PSA           [256, 256, 1]                 
[2026-03-17 11:55:43] [INFO] [A0]  11                  -1  1         0  torch.nn.modules.upsampling.Upsample         [None, 2, 'nearest']          
[2026-03-17 11:55:43] [INFO] [A0]  12             [-1, 6]  1         0  ultralytics.nn.modules.conv.Concat           [1]                           
[2026-03-17 11:55:43] [INFO] [A0]  13                  -1  1    170496  ultralytics.nn.extra_modules.block.MANet_FasterBlock[384, 128, 1, False, 2, 3]    
[2026-03-17 11:55:43] [INFO] [A0]  14                  -1  1         0  torch.nn.modules.upsampling.Upsample         [None, 2, 'nearest']          
[2026-03-17 11:55:43] [INFO] [A0]  15             [-1, 4]  1         0  ultralytics.nn.modules.conv.Concat           [1]                           
[2026-03-17 11:55:43] [INFO] [A0]  16                  -1  1     47808  ultralytics.nn.extra_modules.block.MANet_FasterBlock[256, 64, 1, False, 2, 3]     
[2026-03-17 11:55:43] [INFO] [A0]  17                  -1  1     36992  ultralytics.nn.modules.conv.Conv             [64, 64, 3, 2]                
[2026-03-17 11:55:43] [INFO] [A0]  18            [-1, 13]  1         0  ultralytics.nn.modules.conv.Concat           [1]                           
[2026-03-17 11:55:43] [INFO] [A0]  19                  -1  1    145920  ultralytics.nn.extra_modules.block.MANet_FasterBlock[192, 128, 1, False, 2, 3]    
[2026-03-17 11:55:43] [INFO] [A0]  20                  -1  1    147712  ultralytics.nn.modules.conv.Conv             [128, 128, 3, 2]              
[2026-03-17 11:55:43] [INFO] [A0]  21            [-1, 10]  1         0  ultralytics.nn.modules.conv.Concat           [1]                           
[2026-03-17 11:55:43] [INFO] [A0]  22                  -1  1    574976  ultralytics.nn.extra_modules.block.MANet_FasterBlock[384, 256, 1, False, 2, 3]    
[2026-03-17 11:55:43] [INFO] [A0]  23        [16, 19, 22]  1    715294  ultralytics.nn.modules.head.Pose             [1, [17, 3], [64, 128, 256]]
[2026-03-17 11:55:43] [INFO] [A0] A0_baseline summary: 220 layers, 3,451,454 parameters, 3,451,438 gradients, 8.6 GFLOPs
[2026-03-17 11:55:43] [INFO] [A0]
[2026-03-17 11:55:43] [INFO] [A0] Freezing layer 'model.23.dfl.conv.weight'
[2026-03-17 11:55:43] [INFO] [A0] [34m[1mAMP: [0mrunning Automatic Mixed Precision (AMP) checks...
[2026-03-17 11:55:58] [INFO] [INFO] [A0] 运行中... elapsed=18s
[2026-03-17 11:56:04] [INFO] [A0] WARNING Download failure, retrying 1/3 https://github.com/ultralytics/assets/releases/download/v8.3.0/yolo11n.pt... <urlopen error [WinError 10060] >
[2026-03-17 11:56:05] [INFO] [A0]
[2026-03-17 11:56:06] [INFO] [A0] #=#=#
[2026-03-17 11:56:07] [INFO] [A0] ##O#-#
[2026-03-17 11:56:09] [INFO] [A0] ##O=#  #
[2026-03-17 11:56:10] [INFO] [A0] #=#=-#  #
[2026-03-17 11:56:11] [INFO] [A0] -#O#- #   #
[2026-03-17 11:56:12] [INFO] [A0] -=#=#   #   #
[2026-03-17 11:56:13] [INFO] [A0] -=O#-#   #   #
[2026-03-17 11:56:14] [INFO] [A0] -=O=#  #   #   #
[2026-03-17 11:56:15] [INFO] [A0] -=O=-#  #    #   #
[2026-03-17 11:56:16] [INFO] [A0] -=O=- #   #   #    #
[2026-03-17 11:56:17] [INFO] [A0] -=O=-   #   #   #     #
[2026-03-17 11:56:18] [INFO] [A0] -=O=-    #   #    #     #
[2026-03-17 11:56:19] [INFO] [A0] -=O=-      #   #     #    #
[2026-03-17 11:56:20] [INFO] [A0] -=O=-        #   #     #    #
[2026-03-17 11:56:20] [INFO] [A0] -=O=-         #    #     #     #
[2026-03-17 11:56:20] [INFO] [A0] -=O=-           #     #    #     #
[2026-03-17 11:56:20] [INFO] [A0] -=O=-             #     #     #     #
[2026-03-17 11:56:20] [INFO] [A0] -=O=-                #    #     #     #
[2026-03-17 11:56:21] [INFO] [A0] -=O=-                  #    #     #     #
[2026-03-17 11:56:21] [INFO] [A0] -=O=-                    #     #     #     #
[2026-03-17 11:56:21] [INFO] [A0] -=O=-                      #     #     #     #
[2026-03-17 11:56:21] [INFO] [A0]                                                                            0.3%
[2026-03-17 11:56:21] [INFO] [A0] #                                                                          1.5%
[2026-03-17 11:56:22] [INFO] [A0] ##                                                                         4.0%
[2026-03-17 11:56:22] [INFO] [A0] ######                                                                     8.7%
[2026-03-17 11:56:22] [INFO] [A0] ######                                                                     9.6%
[2026-03-17 11:56:22] [INFO] [A0] ########                                                                  12.2%
[2026-03-17 11:56:22] [INFO] [A0] ##########                                                                14.2%
[2026-03-17 11:56:22] [INFO] [A0] ###########                                                               15.4%
[2026-03-17 11:56:23] [INFO] [A0] ############                                                              16.9%
[2026-03-17 11:56:23] [INFO] [A0] ############                                                              17.7%
[2026-03-17 11:56:23] [INFO] [A0] ############                                                              18.0%
[2026-03-17 11:56:23] [INFO] [A0] ##############                                                            19.5%
[2026-03-17 11:56:23] [INFO] [A0] ##############                                                            20.1%
[2026-03-17 11:56:23] [INFO] [A0] ##############                                                            20.7%
[2026-03-17 11:56:24] [INFO] [A0] ###############                                                           21.0%
[2026-03-17 11:56:24] [INFO] [A0] ###############                                                           21.5%
[2026-03-17 11:56:24] [INFO] [A0] ###############                                                           22.1%
[2026-03-17 11:56:24] [INFO] [A0] ################                                                          22.7%
[2026-03-17 11:56:24] [INFO] [A0] ################                                                          23.6%
[2026-03-17 11:56:24] [INFO] [A0] #################                                                         23.9%
[2026-03-17 11:56:25] [INFO] [A0] #################                                                         24.2%
[2026-03-17 11:56:25] [INFO] [A0] #################                                                         24.5%
[2026-03-17 11:56:25] [INFO] [A0] #################                                                         24.8%
[2026-03-17 11:56:25] [INFO] [A0] ##################                                                        25.0%
[2026-03-17 11:56:25] [INFO] [A0] ##################                                                        25.3%
[2026-03-17 11:56:25] [INFO] [A0] ##################                                                        25.6%
[2026-03-17 11:56:26] [INFO] [A0] ##################                                                        25.9%
[2026-03-17 11:56:26] [INFO] [A0] ##################                                                        26.2%
[2026-03-17 11:56:26] [INFO] [A0] ###################                                                       26.5%
[2026-03-17 11:56:26] [INFO] [A0] ###################                                                       26.8%
[2026-03-17 11:56:27] [INFO] [A0] ###################                                                       27.1%
[2026-03-17 11:56:27] [INFO] [A0] ###################                                                       27.4%
[2026-03-17 11:56:27] [INFO] [A0] ###################                                                       27.7%
[2026-03-17 11:56:27] [INFO] [A0] ####################                                                      28.0%
[2026-03-17 11:56:28] [INFO] [A0] ####################                                                      28.3%
[2026-03-17 11:56:28] [INFO] [A0] ####################                                                      28.5%
[2026-03-17 11:56:28] [INFO] [A0] ####################                                                      28.8%
[2026-03-17 11:56:28] [INFO] [A0] ####################                                                      29.1%
[2026-03-17 11:56:29] [INFO] [A0] #####################                                                     29.4%
[2026-03-17 11:56:29] [INFO] [A0] #####################                                                     29.7%
[2026-03-17 11:56:29] [INFO] [A0] #####################                                                     30.0%
[2026-03-17 11:56:29] [INFO] [A0] #####################                                                     30.3%
[2026-03-17 11:56:30] [INFO] [A0] ######################                                                    30.6%
[2026-03-17 11:56:30] [INFO] [A0] ######################                                                    30.9%
[2026-03-17 11:56:31] [INFO] [A0] ######################                                                    31.2%
[2026-03-17 11:56:31] [INFO] [A0] ######################                                                    31.5%
[2026-03-17 11:56:31] [INFO] [A0] ######################                                                    31.8%
[2026-03-17 11:56:31] [INFO] [A0] #######################                                                   32.0%
[2026-03-17 11:56:32] [INFO] [A0] #######################                                                   32.3%
[2026-03-17 11:56:32] [INFO] [A0] #######################                                                   32.6%
[2026-03-17 11:56:32] [INFO] [A0] #######################                                                   32.9%
[2026-03-17 11:56:32] [INFO] [A0] #######################                                                   33.2%
[2026-03-17 11:56:33] [INFO] [A0] ########################                                                  33.5%
[2026-03-17 11:56:33] [INFO] [A0] ########################                                                  33.8%
[2026-03-17 11:56:33] [INFO] [A0] ########################                                                  34.1%
[2026-03-17 11:56:33] [INFO] [A0] ########################                                                  34.4%
[2026-03-17 11:56:33] [INFO] [A0] ########################                                                  34.7%
[2026-03-17 11:56:34] [INFO] [A0] #########################                                                 35.0%
[2026-03-17 11:56:34] [INFO] [A0] #########################                                                 35.3%
[2026-03-17 11:56:34] [INFO] [A0] #########################                                                 35.5%
[2026-03-17 11:56:34] [INFO] [A0] #########################                                                 35.8%
[2026-03-17 11:56:35] [INFO] [A0] ##########################                                                36.1%
[2026-03-17 11:56:35] [INFO] [A0] ##########################                                                36.4%
[2026-03-17 11:56:35] [INFO] [A0] ##########################                                                36.7%
[2026-03-17 11:56:35] [INFO] [A0] ##########################                                                37.0%
[2026-03-17 11:56:35] [INFO] [A0] ##########################                                                37.3%
[2026-03-17 11:56:36] [INFO] [A0] ###########################                                               37.6%
[2026-03-17 11:56:36] [INFO] [A0] ###########################                                               37.9%
[2026-03-17 11:56:36] [INFO] [A0] ###########################                                               38.2%
[2026-03-17 11:56:37] [INFO] [A0] ###########################                                               38.5%
[2026-03-17 11:56:37] [INFO] [A0] ###########################                                               38.8%
[2026-03-17 11:56:37] [INFO] [A0] ############################                                              39.1%
[2026-03-17 11:56:37] [INFO] [A0] ############################                                              39.3%
[2026-03-17 11:56:37] [INFO] [A0] ############################                                              39.6%
[2026-03-17 11:56:38] [INFO] [A0] ############################                                              39.9%
[2026-03-17 11:56:38] [INFO] [A0] ############################                                              40.2%
[2026-03-17 11:56:39] [INFO] [A0] #############################                                             40.8%
[2026-03-17 11:56:39] [INFO] [A0] #############################                                             41.1%
[2026-03-17 11:56:39] [INFO] [A0] #############################                                             41.4%
[2026-03-17 11:56:39] [INFO] [A0] ##############################                                            41.7%
[2026-03-17 11:56:40] [INFO] [A0] ##############################                                            42.0%
[2026-03-17 11:56:40] [INFO] [A0] ##############################                                            42.3%
[2026-03-17 11:56:40] [INFO] [A0] ##############################                                            42.6%
[2026-03-17 11:56:40] [INFO] [A0] ##############################                                            42.8%
[2026-03-17 11:56:41] [INFO] [A0] ###############################                                           43.1%
[2026-03-17 11:56:41] [INFO] [A0] ###############################                                           43.4%
[2026-03-17 11:56:41] [INFO] [A0] ###############################                                           43.7%
[2026-03-17 11:56:41] [INFO] [A0] ###############################                                           44.0%
[2026-03-17 11:56:42] [INFO] [A0] ###############################                                           44.3%
[2026-03-17 11:56:42] [INFO] [A0] ################################                                          44.6%
[2026-03-17 11:56:42] [INFO] [A0] ################################                                          44.9%
[2026-03-17 11:56:43] [INFO] [A0] ################################                                          45.5%
[2026-03-17 11:56:43] [INFO] [A0] ################################                                          45.8%
[2026-03-17 11:56:43] [INFO] [A0] #################################                                         46.1%
[2026-03-17 11:56:44] [INFO] [A0] #################################                                         46.3%
[2026-03-17 11:56:44] [INFO] [A0] #################################                                         46.9%
[2026-03-17 11:56:44] [INFO] [A0] ##################################                                        47.2%
[2026-03-17 11:56:45] [INFO] [A0] ##################################                                        47.5%
[2026-03-17 11:56:45] [INFO] [A0] ##################################                                        47.8%
[2026-03-17 11:56:45] [INFO] [A0] ##################################                                        48.1%
[2026-03-17 11:56:46] [INFO] [A0] ##################################                                        48.4%
[2026-03-17 11:56:46] [INFO] [A0] ###################################                                       48.7%
[2026-03-17 11:56:46] [INFO] [A0] ###################################                                       49.0%
[2026-03-17 11:56:46] [INFO] [A0] ###################################                                       49.3%
[2026-03-17 11:56:47] [INFO] [A0] ###################################                                       49.6%
[2026-03-17 11:56:47] [INFO] [A0] ###################################                                       49.9%
[2026-03-17 11:56:47] [INFO] [A0] ####################################                                      50.1%
[2026-03-17 11:56:47] [INFO] [A0] ####################################                                      50.4%
[2026-03-17 11:56:48] [INFO] [A0] ####################################                                      50.7%
[2026-03-17 11:56:48] [INFO] [A0] ####################################                                      51.0%
[2026-03-17 11:56:48] [INFO] [A0] ####################################                                      51.3%
[2026-03-17 11:56:48] [INFO] [A0] #####################################                                     51.6%
[2026-03-17 11:56:48] [INFO] [A0] #####################################                                     51.9%
[2026-03-17 11:56:49] [INFO] [A0] #####################################                                     52.2%
[2026-03-17 11:56:49] [INFO] [A0] #####################################                                     52.5%
[2026-03-17 11:56:49] [INFO] [A0] #####################################                                     52.8%
[2026-03-17 11:56:49] [INFO] [A0] ######################################                                    53.1%
[2026-03-17 11:56:50] [INFO] [A0] ######################################                                    53.4%
[2026-03-17 11:56:50] [INFO] [A0] ######################################                                    53.6%
[2026-03-17 11:56:50] [INFO] [A0] ######################################                                    53.9%
[2026-03-17 11:56:50] [INFO] [A0] #######################################                                   54.2%
[2026-03-17 11:56:51] [INFO] [A0] #######################################                                   54.5%
[2026-03-17 11:56:51] [INFO] [A0] #######################################                                   54.8%
[2026-03-17 11:56:51] [INFO] [A0] #######################################                                   55.1%
[2026-03-17 11:57:18] [INFO] 模型列表刷新完成（精简模式，默认best策略）
[2026-03-17 11:57:48] [INFO] 启动命令: B:\ultralytics\.venv310\Scripts\python.exe B:\ultralytics\ProjectOptimization\scripts\tools\generate_ablation_plan.py --output-dir C:\Users\YiLanQiu\Desktop\tsst --theme yolo_modules --data-profile v17 --model-yaml B:\ultralytics\ProjectOptimization\src\ultralytics-main\ultralytics\cfg\models\11\yolo11.yaml --data-yaml B:\ultralytics\ProjectOptimization\src\ultralytics-main\ultralytics\cfg\datasets\african-wildlife.yaml --epochs 100 --device 0
[2026-03-17 11:57:48] [INFO] [OK] 消融模板已生成: C:\Users\YiLanQiu\Desktop\tsst
[2026-03-17 11:57:48] [INFO] [OK] 计划文件: C:\Users\YiLanQiu\Desktop\tsst\ablation_plan.md
[2026-03-17 11:57:48] [INFO] [OK] 表格文件: C:\Users\YiLanQiu\Desktop\tsst\ablation_plan.csv
[2026-03-17 11:57:48] [INFO] [OK] 命令模板: C:\Users\YiLanQiu\Desktop\tsst\run_commands.txt
[2026-03-17 11:57:48] [INFO] [OK] 变体模型YAML目录: C:\Users\YiLanQiu\Desktop\tsst\generated_models
[2026-03-17 11:57:48] [INFO] 任务结束: ablation
[2026-03-17 11:57:49] [INFO] 启动命令: B:\ultralytics\.venv310\Scripts\python.exe B:\ultralytics\ProjectOptimization\scripts\tools\run_ablation_batch.py --plan-dir C:\Users\YiLanQiu\Desktop\tsst --continue-on-error
[2026-03-17 11:57:49] [INFO] [INFO] 批跑目录: C:\Users\YiLanQiu\Desktop\tsst
[2026-03-17 11:57:49] [INFO] [INFO] 命令数: 8
[2026-03-17 11:57:49] [INFO] [INFO] [A0] 开始: 2026-03-17 11:57:49
[2026-03-17 11:57:49] [INFO] [INFO] [A0] CMD: B:\ultralytics\.venv310\Scripts\yolo.exe detect train model=C:\Users\YiLanQiu\Desktop\tsst\generated_models\A0_baseline.yaml data=B:\ultralytics\ProjectOptimization\src\ultralytics-main\ultralytics\cfg\datasets\african-wildlife.yaml epochs=100 device=0 project=outputs/eval/ablation name=A0_baseline
[2026-03-17 11:57:51] [INFO] [A0] WARNING no model scale passed. Assuming scale='n'.
[2026-03-17 11:57:53] [INFO] [A0] New https://pypi.org/project/ultralytics/8.4.23 available  Update with 'pip install -U ultralytics'
[2026-03-17 11:57:53] [INFO] [A0] Ultralytics 8.3.209  Python-3.10.11 torch-2.4.1+cu121 CUDA:0 (NVIDIA GeForce RTX 4060 Laptop GPU, 8188MiB)
[2026-03-17 11:57:53] [INFO] [A0] engine\trainer: agnostic_nms=False, amp=True, augment=False, auto_augment=randaugment, batch=16, bgr=0.0, box=7.5, cache=False, cfg=None, classes=None, close_mosaic=10, cls=0.5, compile=False, conf=None, copy_paste=0.0, copy_paste_mode=flip, cos_lr=False, cutmix=0.0, data=B:\ultralytics\ProjectOptimization\src\ultralytics-main\ultralytics\cfg\datasets\african-wildlife.yaml, degrees=0.0, deterministic=True, device=0, dfl=1.5, dnn=False, dropout=0.0, dynamic=False, embed=None, epochs=100, erasing=0.4, exist_ok=False, fliplr=0.5, flipud=0.0, format=torchscript, fraction=1.0, freeze=None, half=False, hsv_h=0.015, hsv_s=0.7, hsv_v=0.4, imgsz=640, int8=False, iou=0.7, keras=False, kobj=1.0, line_width=None, lr0=0.01, lrf=0.01, mask_ratio=4, max_det=300, mixup=0.0, mode=train, model=C:\Users\YiLanQiu\Desktop\tsst\generated_models\A0_baseline.yaml, momentum=0.937, mosaic=1.0, multi_scale=False, name=A0_baseline4, nbs=64, nms=False, opset=None, optimize=False, optimizer=auto, overlap_mask=True, patience=100, perspective=0.0, plots=True, pose=12.0, pretrained=True, profile=False, project=outputs/eval/ablation, rect=False, resume=False, retina_masks=False, save=True, save_conf=False, save_crop=False, save_dir=B:\ultralytics\ProjectOptimization\outputs\eval\ablation\A0_baseline4, save_frames=False, save_json=False, save_period=-1, save_txt=False, scale=0.5, seed=0, shear=0.0, show=False, show_boxes=True, show_conf=True, show_labels=True, simplify=True, single_cls=False, source=None, split=val, stream_buffer=False, task=detect, time=None, tracker=botsort.yaml, translate=0.1, val=True, verbose=True, vid_stride=1, visualize=False, warmup_bias_lr=0.1, warmup_epochs=3.0, warmup_momentum=0.8, weight_decay=0.0005, workers=8, workspace=None
[2026-03-17 11:57:53] [INFO] [A0] 
[2026-03-17 11:57:53] [INFO] [A0] WARNING Dataset 'B://ultralytics/ProjectOptimization/src/ultralytics-main/ultralytics/cfg/datasets/african-wildlife.yaml' images not found, missing path 'B:\ultralytics\ProjectOptimization\datasets\african-wildlife\images\val'
[2026-03-17 11:57:53] [INFO] [A0]
[2026-03-17 11:57:53] [INFO] [A0] Unzipping B:\ultralytics\ProjectOptimization\datasets\african-wildlife.zip to B:\ultralytics\ProjectOptimization\datasets\african-wildlife...: 16% ━╸────────── 491/3018 1.5Kfiles/s 0.1s<1.7s
[2026-03-17 11:57:53] [INFO] [A0] Unzipping B:\ultralytics\ProjectOptimization\datasets\african-wildlife.zip to B:\ultralytics\ProjectOptimization\datasets\african-wildlife...: 32% ━━━╸──────── 973/3018 2.5Kfiles/s 0.2s<0.8s
[2026-03-17 11:57:53] [INFO] [A0] Unzipping B:\ultralytics\ProjectOptimization\datasets\african-wildlife.zip to B:\ultralytics\ProjectOptimization\datasets\african-wildlife...: 49% ━━━━━╸────── 1473/3018 3.2Kfiles/s 0.3s<0.5s
[2026-03-17 11:57:53] [INFO] [A0] Unzipping B:\ultralytics\ProjectOptimization\datasets\african-wildlife.zip to B:\ultralytics\ProjectOptimization\datasets\african-wildlife...: 58% ━━━━━━╸───── 1754/3018 3.1Kfiles/s 0.4s<0.4s
[2026-03-17 11:57:53] [INFO] [A0] Unzipping B:\ultralytics\ProjectOptimization\datasets\african-wildlife.zip to B:\ultralytics\ProjectOptimization\datasets\african-wildlife...: 67% ━━━━━━━╸──── 2011/3018 2.9Kfiles/s 0.5s<0.3s
[2026-03-17 11:57:53] [INFO] [A0] Unzipping B:\ultralytics\ProjectOptimization\datasets\african-wildlife.zip to B:\ultralytics\ProjectOptimization\datasets\african-wildlife...: 75% ━━━━━━━━━─── 2276/3018 2.8Kfiles/s 0.6s<0.3s
[2026-03-17 11:57:53] [INFO] [A0] Unzipping B:\ultralytics\ProjectOptimization\datasets\african-wildlife.zip to B:\ultralytics\ProjectOptimization\datasets\african-wildlife...: 84% ━━━━━━━━━━── 2540/3018 2.8Kfiles/s 0.7s<0.2s
[2026-03-17 11:57:54] [INFO] [A0] Unzipping B:\ultralytics\ProjectOptimization\datasets\african-wildlife.zip to B:\ultralytics\ProjectOptimization\datasets\african-wildlife...: 93% ━━━━━━━━━━━─ 2804/3018 2.7Kfiles/s 0.8s<0.1s
[2026-03-17 11:57:54] [INFO] [A0] Unzipping B:\ultralytics\ProjectOptimization\datasets\african-wildlife.zip to B:\ultralytics\ProjectOptimization\datasets\african-wildlife...: 100% ━━━━━━━━━━━━ 3018/3018 3.4Kfiles/s 0.9s
[2026-03-17 11:57:54] [INFO] [A0] Unzipping B:\ultralytics\ProjectOptimization\datasets\african-wildlife.zip to B:\ultralytics\ProjectOptimization\datasets\african-wildlife...: 100% ━━━━━━━━━━━━ 3018/3018 3.4Kfiles/s 0.9s
[2026-03-17 11:57:54] [INFO] [A0] Dataset download success  (0.9s), saved to B:\ultralytics\ProjectOptimization\datasets
[2026-03-17 11:57:54] [INFO] [A0]
[2026-03-17 11:57:54] [INFO] [A0] Overriding model.yaml nc=80 with nc=4
[2026-03-17 11:57:54] [INFO] [A0] WARNING no model scale passed. Assuming scale='n'.
[2026-03-17 11:57:54] [INFO] [A0] 
[2026-03-17 11:57:54] [INFO] [A0]                    from  n    params  module                                       arguments                     
[2026-03-17 11:57:54] [INFO] [A0]   0                  -1  1       464  ultralytics.nn.modules.conv.Conv             [3, 16, 3, 2]                 
[2026-03-17 11:57:54] [INFO] [A0]   1                  -1  1      4672  ultralytics.nn.modules.conv.Conv             [16, 32, 3, 2]
[2026-03-17 11:57:54] [INFO] [A0]   2                  -1  1      6640  ultralytics.nn.modules.block.C3k2            [32, 64, 1, False, 0.25]      
[2026-03-17 11:57:54] [INFO] [A0]   3                  -1  1     36992  ultralytics.nn.modules.conv.Conv             [64, 64, 3, 2]                
[2026-03-17 11:57:54] [INFO] [A0]   4                  -1  1     26080  ultralytics.nn.modules.block.C3k2            [64, 128, 1, False, 0.25]     
[2026-03-17 11:57:54] [INFO] [A0]   5                  -1  1    147712  ultralytics.nn.modules.conv.Conv             [128, 128, 3, 2]
[2026-03-17 11:57:54] [INFO] [A0]   6                  -1  1     87040  ultralytics.nn.modules.block.C3k2            [128, 128, 1, True]
[2026-03-17 11:57:54] [INFO] [A0]   7                  -1  1    295424  ultralytics.nn.modules.conv.Conv             [128, 256, 3, 2]
[2026-03-17 11:57:54] [INFO] [A0]   8                  -1  1    346112  ultralytics.nn.modules.block.C3k2            [256, 256, 1, True]
[2026-03-17 11:57:54] [INFO] [A0]   9                  -1  1    164608  ultralytics.nn.modules.block.SPPF            [256, 256, 5]
[2026-03-17 11:57:54] [INFO] [A0]  10                  -1  1    249728  ultralytics.nn.modules.block.C2PSA           [256, 256, 1]                 
[2026-03-17 11:57:54] [INFO] [A0]  11                  -1  1         0  torch.nn.modules.upsampling.Upsample         [None, 2, 'nearest']          
[2026-03-17 11:57:54] [INFO] [A0]  12             [-1, 6]  1         0  ultralytics.nn.modules.conv.Concat           [1]
[2026-03-17 11:57:54] [INFO] [A0]  13                  -1  1    111296  ultralytics.nn.modules.block.C3k2            [384, 128, 1, False]          
[2026-03-17 11:57:54] [INFO] [A0]  14                  -1  1         0  torch.nn.modules.upsampling.Upsample         [None, 2, 'nearest']          
[2026-03-17 11:57:54] [INFO] [A0]  15             [-1, 4]  1         0  ultralytics.nn.modules.conv.Concat           [1]
[2026-03-17 11:57:54] [INFO] [A0]  16                  -1  1     32096  ultralytics.nn.modules.block.C3k2            [256, 64, 1, False]           
[2026-03-17 11:57:54] [INFO] [A0]  17                  -1  1     36992  ultralytics.nn.modules.conv.Conv             [64, 64, 3, 2]                
[2026-03-17 11:57:54] [INFO] [A0]  18            [-1, 13]  1         0  ultralytics.nn.modules.conv.Concat           [1]
[2026-03-17 11:57:54] [INFO] [A0]  19                  -1  1     86720  ultralytics.nn.modules.block.C3k2            [192, 128, 1, False]
[2026-03-17 11:57:54] [INFO] [A0]  20                  -1  1    147712  ultralytics.nn.modules.conv.Conv             [128, 128, 3, 2]              
[2026-03-17 11:57:54] [INFO] [A0]  21            [-1, 10]  1         0  ultralytics.nn.modules.conv.Concat           [1]
[2026-03-17 11:57:54] [INFO] [A0]  22                  -1  1    378880  ultralytics.nn.modules.block.C3k2            [384, 256, 1, True]
[2026-03-17 11:57:54] [INFO] [A0]  23        [16, 19, 22]  1    431452  ultralytics.nn.modules.head.Detect           [4, [64, 128, 256]]
[2026-03-17 11:57:54] [INFO] [A0] A0_baseline summary: 181 layers, 2,590,620 parameters, 2,590,604 gradients, 6.4 GFLOPs
[2026-03-17 11:57:54] [INFO] [A0]
[2026-03-17 11:57:54] [INFO] [A0] Freezing layer 'model.23.dfl.conv.weight'
[2026-03-17 11:57:54] [INFO] [A0] AMP: running Automatic Mixed Precision (AMP) checks...
[2026-03-17 11:57:54] [INFO] [A0] AMP: checks passed
[2026-03-17 11:57:54] [INFO] [A0] train: Fast image access  (ping: 0.00.0 ms, read: 520.2203.8 MB/s, size: 60.8 KB)
[2026-03-17 11:57:55] [INFO] [A0]
[2026-03-17 11:57:55] [INFO] [A0] train: Scanning B:\ultralytics\ProjectOptimization\datasets\african-wildlife\labels\train... 356 images, 0 backgrounds, 0 corrupt: 34% ━━━━──────── 356/1052 1.1Kit/s 0.1s<0.7s
[2026-03-17 11:57:55] [INFO] [A0] train: Scanning B:\ultralytics\ProjectOptimization\datasets\african-wildlife\labels\train... 723 images, 0 backgrounds, 0 corrupt: 69% ━━━━━━━━──── 723/1052 1.8Kit/s 0.2s<0.2s
[2026-03-17 11:57:55] [INFO] [A0] train: Scanning B:\ultralytics\ProjectOptimization\datasets\african-wildlife\labels\train... 1052 images, 0 backgrounds, 0 corrupt: 100% ━━━━━━━━━━━━ 1052/1052 3.6Kit/s 0.3s
[2026-03-17 11:57:55] [INFO] [A0] train: Scanning B:\ultralytics\ProjectOptimization\datasets\african-wildlife\labels\train... 1052 images, 0 backgrounds, 0 corrupt: 100% ━━━━━━━━━━━━ 1052/1052 3.6Kit/s 0.3s
[2026-03-17 11:57:55] [INFO] [A0] train: New cache created: B:\ultralytics\ProjectOptimization\datasets\african-wildlife\labels\train.cache
[2026-03-17 11:58:10] [INFO] [INFO] [A0] 运行中... elapsed=20s
[2026-03-17 11:58:10] [INFO] [A0] val: Fast image access  (ping: 0.10.0 ms, read: 176.0177.4 MB/s, size: 38.7 KB)
[2026-03-17 11:58:10] [INFO] [A0] 
[2026-03-17 11:58:10] [INFO] [A0] val: Scanning B:\ultralytics\ProjectOptimization\datasets\african-wildlife\labels\val... 225 images, 0 backgrounds, 0 corrupt: 100% ━━━━━━━━━━━━ 225/225 2.4Kit/s 0.1s
[2026-03-17 11:58:10] [INFO] [A0] val: Scanning B:\ultralytics\ProjectOptimization\datasets\african-wildlife\labels\val... 225 images, 0 backgrounds, 0 corrupt: 100% ━━━━━━━━━━━━ 225/225 2.4Kit/s 0.1s
[2026-03-17 11:58:10] [INFO] [A0] val: New cache created: B:\ultralytics\ProjectOptimization\datasets\african-wildlife\labels\val.cache
[2026-03-17 11:58:25] [INFO] [INFO] [A0] 运行中... elapsed=35s
[2026-03-17 11:58:40] [INFO] [INFO] [A0] 运行中... elapsed=51s
[2026-03-17 11:58:43] [INFO] [A0] WARNING No module named 'polars'
[2026-03-17 11:58:43] [INFO] [A0] optimizer: 'optimizer=auto' found, ignoring 'lr0=0.01' and 'momentum=0.937' and determining best 'optimizer', 'lr0' and 'momentum' automatically...
[2026-03-17 11:58:43] [INFO] [A0] optimizer: AdamW(lr=0.00125, momentum=0.9) with parameter groups 81 weight(decay=0.0), 88 weight(decay=0.0005), 87 bias(decay=0.0)
[2026-03-17 11:58:43] [INFO] [A0] Image sizes 640 train, 640 val
[2026-03-17 11:58:43] [INFO] [A0] Using 8 dataloader workers
[2026-03-17 11:58:43] [INFO] [A0] Logging results to B:\ultralytics\ProjectOptimization\outputs\eval\ablation\A0_baseline4
[2026-03-17 11:58:43] [INFO] [A0] Starting training for 100 epochs...
[2026-03-17 11:58:43] [INFO] [A0] 
[2026-03-17 11:58:43] [INFO] [A0]       Epoch    GPU_mem   box_loss   cls_loss   dfl_loss  Instances       Size
[2026-03-17 11:58:45] [INFO] [A0]
[2026-03-17 11:58:45] [INFO] [A0]       1/100      2.18G      3.051      4.309      4.272         60        640: 0% ──────────── 0/66  1.9s
[2026-03-17 11:58:45] [INFO] [A0]       1/100      2.27G      3.185      4.325      4.254         72        640: 2% ──────────── 1/66 1.7it/s 2.1s<38.8s
[2026-03-17 11:58:45] [INFO] [A0]       1/100      2.28G      3.145      4.231       4.31         61        640: 3% ──────────── 2/66 2.8it/s 2.3s<22.9s
[2026-03-17 11:58:45] [INFO] [A0]       1/100      2.28G      3.143      4.236      4.298         66        640: 5% ╸─────────── 3/66 3.5it/s 2.5s<17.8s
[2026-03-17 11:58:45] [INFO] [A0]       1/100      2.28G      3.098      4.225      4.281         69        640: 6% ╸─────────── 4/66 4.7it/s 2.6s<13.2s
[2026-03-17 11:58:46] [INFO] [A0]       1/100      2.28G      3.112      4.211      4.281         60        640: 8% ╸─────────── 5/66 4.5it/s 2.9s<13.4s
[2026-03-17 11:58:46] [INFO] [A0]       1/100      2.29G      3.095      4.245      4.295         40        640: 9% ━─────────── 6/66 5.4it/s 3.0s<11.2s
[2026-03-17 11:58:46] [INFO] [A0]       1/100      2.29G      3.109      4.243      4.289         71        640: 11% ━─────────── 7/66 6.0it/s 3.2s<9.9s
[2026-03-17 11:58:46] [INFO] [A0]       1/100       2.3G      3.111      4.224      4.296         70        640: 12% ━─────────── 8/66 6.2it/s 3.3s<9.3s
[2026-03-17 11:58:46] [INFO] [A0]       1/100       2.3G      3.096      4.225      4.307         62        640: 14% ━╸────────── 9/66 6.3it/s 3.4s<9.0s
[2026-03-17 11:58:46] [INFO] [A0]       1/100       2.3G      3.091      4.218      4.303         86        640: 15% ━╸────────── 10/66 6.4it/s 3.6s<8.8s
[2026-03-17 11:58:46] [INFO] [A0]       1/100       2.3G      3.094      4.218      4.297         74        640: 17% ━━────────── 11/66 6.5it/s 3.8s<8.5s
[2026-03-17 11:58:47] [INFO] [A0]       1/100       2.3G      3.088      4.211      4.293         73        640: 18% ━━────────── 12/66 6.7it/s 3.9s<8.0s
[2026-03-17 11:58:47] [INFO] [A0]       1/100       2.3G      3.099      4.205      4.303         73        640: 20% ━━────────── 13/66 6.7it/s 4.0s<7.9s
[2026-03-17 11:58:47] [INFO] [A0]       1/100       2.3G      3.103      4.206        4.3         58        640: 21% ━━╸───────── 14/66 6.7it/s 4.2s<7.7s
[2026-03-17 11:58:47] [INFO] [A0]       1/100       2.3G        3.1      4.203      4.295         53        640: 23% ━━╸───────── 15/66 6.7it/s 4.3s<7.6s
[2026-03-17 11:58:47] [INFO] [A0]       1/100       2.3G      3.099      4.201      4.294         56        640: 24% ━━╸───────── 16/66 6.8it/s 4.5s<7.4s
[2026-03-17 11:58:47] [INFO] [A0]       1/100       2.3G        3.1        4.2      4.289         46        640: 26% ━━━───────── 17/66 6.7it/s 4.6s<7.3s
[2026-03-17 11:58:48] [INFO] [A0]       1/100       2.3G      3.099        4.2      4.288         65        640: 27% ━━━───────── 18/66 6.6it/s 4.8s<7.2s
[2026-03-17 11:58:48] [INFO] [A0]       1/100       2.3G      3.088      4.206      4.287         61        640: 29% ━━━───────── 19/66 6.9it/s 4.9s<6.8s
[2026-03-17 11:58:48] [INFO] [A0]       1/100       2.3G      3.087        4.2      4.284         63        640: 30% ━━━╸──────── 20/66 7.1it/s 5.1s<6.5s
[2026-03-17 11:58:48] [INFO] [A0]       1/100       2.3G      3.085      4.197      4.284         61        640: 32% ━━━╸──────── 21/66 7.1it/s 5.2s<6.4s
[2026-03-17 11:58:48] [INFO] [A0]       1/100       2.3G      3.076      4.197      4.283         59        640: 33% ━━━━──────── 22/66 6.9it/s 5.3s<6.3s
[2026-03-17 11:58:48] [INFO] [A0]       1/100       2.3G      3.078      4.193      4.281        111        640: 35% ━━━━──────── 23/66 7.0it/s 5.5s<6.2s
[2026-03-17 11:58:48] [INFO] [A0]       1/100       2.3G       3.08      4.191       4.28         64        640: 36% ━━━━──────── 24/66 6.6it/s 5.7s<6.4s
[2026-03-17 11:58:49] [INFO] [A0]       1/100       2.3G       3.08       4.19      4.278         67        640: 38% ━━━━╸─────── 25/66 6.7it/s 5.8s<6.1s
[2026-03-17 11:58:49] [INFO] [A0]       1/100       2.3G      3.078      4.191      4.277         62        640: 39% ━━━━╸─────── 26/66 6.7it/s 6.0s<6.0s
[2026-03-17 11:58:49] [INFO] [A0]       1/100       2.3G      3.078      4.189      4.274         71        640: 41% ━━━━╸─────── 27/66 6.8it/s 6.1s<5.8s
[2026-03-17 11:58:49] [INFO] [A0]       1/100       2.3G      3.073      4.189      4.272         54        640: 42% ━━━━━─────── 28/66 6.9it/s 6.2s<5.5s
[2026-03-17 11:58:49] [INFO] [A0]       1/100       2.3G      3.078      4.188       4.27         69        640: 44% ━━━━━─────── 29/66 6.9it/s 6.4s<5.4s
[2026-03-17 11:58:49] [INFO] [A0]       1/100       2.3G      3.078      4.191      4.267         54        640: 45% ━━━━━─────── 30/66 6.9it/s 6.5s<5.2s
[2026-03-17 11:58:49] [INFO] [A0]       1/100       2.3G      3.081      4.187      4.266        100        640: 47% ━━━━━╸────── 31/66 6.6it/s 6.7s<5.3s
[2026-03-17 11:58:50] [INFO] [A0]       1/100       2.3G      3.079      4.183      4.264         68        640: 48% ━━━━━╸────── 32/66 6.7it/s 6.8s<5.1s
[2026-03-17 11:58:50] [INFO] [A0]       1/100       2.3G      3.089      4.179      4.262         55        640: 50% ━━━━━━────── 33/66 7.2it/s 7.0s<4.6s
[2026-03-17 11:58:50] [INFO] [A0]       1/100       2.3G       3.09      4.179      4.261         59        640: 52% ━━━━━━────── 34/66 7.3it/s 7.1s<4.4s
[2026-03-17 11:58:50] [INFO] [A0]       1/100       2.3G      3.092       4.18      4.258         60        640: 53% ━━━━━━────── 35/66 7.8it/s 7.2s<4.0s
[2026-03-17 11:58:50] [INFO] [A0]       1/100       2.3G      3.091      4.178      4.255         52        640: 55% ━━━━━━╸───── 36/66 7.8it/s 7.3s<3.8s
[2026-03-17 11:58:50] [INFO] [A0]       1/100       2.3G      3.084      4.178      4.253         54        640: 56% ━━━━━━╸───── 37/66 8.2it/s 7.4s<3.5s
[2026-03-17 11:58:50] [INFO] [A0]       1/100       2.3G      3.082      4.177      4.251         59        640: 58% ━━━━━━╸───── 38/66 8.1it/s 7.6s<3.5s
[2026-03-17 11:58:50] [INFO] [A0]       1/100       2.3G      3.089      4.176      4.249         92        640: 59% ━━━━━━━───── 39/66 8.4it/s 7.7s<3.2s
[2026-03-17 11:58:51] [INFO] [A0]       1/100       2.3G       3.09      4.173      4.247         61        640: 61% ━━━━━━━───── 40/66 8.2it/s 7.8s<3.2s
[2026-03-17 11:58:51] [INFO] [A0]       1/100       2.3G        3.1      4.174      4.245         65        640: 62% ━━━━━━━───── 41/66 8.5it/s 7.9s<2.9s
[2026-03-17 11:58:51] [INFO] [A0]       1/100       2.3G      3.099      4.171      4.243         69        640: 64% ━━━━━━━╸──── 42/66 8.3it/s 8.1s<2.9s
[2026-03-17 11:58:51] [INFO] [A0]       1/100       2.3G        3.1       4.17      4.241         83        640: 65% ━━━━━━━╸──── 43/66 8.7it/s 8.2s<2.7s
[2026-03-17 11:58:51] [INFO] [A0]       1/100       2.3G      3.101      4.172      4.239         71        640: 67% ━━━━━━━━──── 44/66 8.3it/s 8.3s<2.6s
[2026-03-17 11:58:51] [INFO] [A0]       1/100       2.3G      3.097      4.172      4.237         61        640: 68% ━━━━━━━━──── 45/66 8.7it/s 8.4s<2.4s
[2026-03-17 11:58:51] [INFO] [A0]       1/100       2.3G      3.098      4.171      4.234         65        640: 70% ━━━━━━━━──── 46/66 8.3it/s 8.5s<2.4s
[2026-03-17 11:58:51] [INFO] [A0]       1/100       2.3G      3.098      4.167      4.232         67        640: 71% ━━━━━━━━╸─── 47/66 8.6it/s 8.6s<2.2s
[2026-03-17 11:58:51] [INFO] [A0]       1/100       2.3G      3.098      4.165       4.23         53        640: 73% ━━━━━━━━╸─── 48/66 8.3it/s 8.8s<2.2s
[2026-03-17 11:58:52] [INFO] [A0]       1/100       2.3G      3.102      4.165      4.229         71        640: 74% ━━━━━━━━╸─── 49/66 8.6it/s 8.9s<2.0s
[2026-03-17 11:58:52] [INFO] [A0]       1/100       2.3G      3.101      4.164      4.227         54        640: 76% ━━━━━━━━━─── 50/66 8.2it/s 9.0s<1.9s
[2026-03-17 11:58:52] [INFO] [A0]       1/100       2.3G       3.11      4.162      4.226         90        640: 77% ━━━━━━━━━─── 51/66 8.4it/s 9.1s<1.8s
[2026-03-17 11:58:52] [INFO] [A0]       1/100       2.3G      3.108      4.165      4.224         51        640: 79% ━━━━━━━━━─── 52/66 8.1it/s 9.3s<1.7s
[2026-03-17 11:58:52] [INFO] [A0]       1/100       2.3G       3.11      4.162      4.222         68        640: 80% ━━━━━━━━━╸── 53/66 8.4it/s 9.4s<1.6s
[2026-03-17 12:01:31] [INFO] 模型列表刷新完成（精简模式，默认best策略）
[2026-03-17 12:01:44] [INFO] 启动命令: B:\ultralytics\.venv310\Scripts\python.exe B:\ultralytics\ProjectOptimization\scripts\tools\run_ablation_batch.py --plan-dir C:\Users\YiLanQiu\Desktop\tsst --continue-on-error
[2026-03-17 12:01:44] [INFO] [INFO] 批跑目录: C:\Users\YiLanQiu\Desktop\tsst
[2026-03-17 12:01:44] [INFO] [INFO] 命令数: 8
[2026-03-17 12:01:44] [INFO] [INFO] [A0] 开始: 2026-03-17 12:01:44
[2026-03-17 12:01:44] [INFO] [INFO] [A0] CMD: B:\ultralytics\.venv310\Scripts\yolo.exe detect train model=C:\Users\YiLanQiu\Desktop\tsst\generated_models\A0_baseline.yaml data=B:\ultralytics\ProjectOptimization\src\ultralytics-main\ultralytics\cfg\datasets\african-wildlife.yaml epochs=100 device=0 project=outputs/eval/ablation name=A0_baseline
[2026-03-17 12:01:46] [INFO] [A0] WARNING no model scale passed. Assuming scale='n'.
[2026-03-17 12:01:50] [INFO] [A0] New https://pypi.org/project/ultralytics/8.4.23 available  Update with 'pip install -U ultralytics'
[2026-03-17 12:01:50] [INFO] [A0] Ultralytics 8.3.209  Python-3.10.11 torch-2.4.1+cu121 CUDA:0 (NVIDIA GeForce RTX 4060 Laptop GPU, 8188MiB)
[2026-03-17 12:01:50] [INFO] [A0] engine\trainer: agnostic_nms=False, amp=True, augment=False, auto_augment=randaugment, batch=16, bgr=0.0, box=7.5, cache=False, cfg=None, classes=None, close_mosaic=10, cls=0.5, compile=False, conf=None, copy_paste=0.0, copy_paste_mode=flip, cos_lr=False, cutmix=0.0, data=B:\ultralytics\ProjectOptimization\src\ultralytics-main\ultralytics\cfg\datasets\african-wildlife.yaml, degrees=0.0, deterministic=True, device=0, dfl=1.5, dnn=False, dropout=0.0, dynamic=False, embed=None, epochs=100, erasing=0.4, exist_ok=False, fliplr=0.5, flipud=0.0, format=torchscript, fraction=1.0, freeze=None, half=False, hsv_h=0.015, hsv_s=0.7, hsv_v=0.4, imgsz=640, int8=False, iou=0.7, keras=False, kobj=1.0, line_width=None, lr0=0.01, lrf=0.01, mask_ratio=4, max_det=300, mixup=0.0, mode=train, model=C:\Users\YiLanQiu\Desktop\tsst\generated_models\A0_baseline.yaml, momentum=0.937, mosaic=1.0, multi_scale=False, name=A0_baseline5, nbs=64, nms=False, opset=None, optimize=False, optimizer=auto, overlap_mask=True, patience=100, perspective=0.0, plots=True, pose=12.0, pretrained=True, profile=False, project=outputs/eval/ablation, rect=False, resume=False, retina_masks=False, save=True, save_conf=False, save_crop=False, save_dir=B:\ultralytics\ProjectOptimization\outputs\eval\ablation\A0_baseline5, save_frames=False, save_json=False, save_period=-1, save_txt=False, scale=0.5, seed=0, shear=0.0, show=False, show_boxes=True, show_conf=True, show_labels=True, simplify=True, single_cls=False, source=None, split=val, stream_buffer=False, task=detect, time=None, tracker=botsort.yaml, translate=0.1, val=True, verbose=True, vid_stride=1, visualize=False, warmup_bias_lr=0.1, warmup_epochs=3.0, warmup_momentum=0.8, weight_decay=0.0005, workers=8, workspace=None
[2026-03-17 12:01:50] [INFO] [A0] Overriding model.yaml nc=80 with nc=4
[2026-03-17 12:01:50] [INFO] [A0] WARNING no model scale passed. Assuming scale='n'.
[2026-03-17 12:01:50] [INFO] [A0] 
[2026-03-17 12:01:50] [INFO] [A0]                    from  n    params  module                                       arguments                     
[2026-03-17 12:01:50] [INFO] [A0]   0                  -1  1       464  ultralytics.nn.modules.conv.Conv             [3, 16, 3, 2]                 
[2026-03-17 12:01:50] [INFO] [A0]   1                  -1  1      4672  ultralytics.nn.modules.conv.Conv             [16, 32, 3, 2]                
[2026-03-17 12:01:50] [INFO] [A0]   2                  -1  1      6640  ultralytics.nn.modules.block.C3k2            [32, 64, 1, False, 0.25]      
[2026-03-17 12:01:50] [INFO] [A0]   3                  -1  1     36992  ultralytics.nn.modules.conv.Conv             [64, 64, 3, 2]                
[2026-03-17 12:01:50] [INFO] [A0]   4                  -1  1     26080  ultralytics.nn.modules.block.C3k2            [64, 128, 1, False, 0.25]     
[2026-03-17 12:01:50] [INFO] [A0]   5                  -1  1    147712  ultralytics.nn.modules.conv.Conv             [128, 128, 3, 2]              
[2026-03-17 12:01:50] [INFO] [A0]   6                  -1  1     87040  ultralytics.nn.modules.block.C3k2            [128, 128, 1, True]           
[2026-03-17 12:01:50] [INFO] [A0]   7                  -1  1    295424  ultralytics.nn.modules.conv.Conv             [128, 256, 3, 2]              
[2026-03-17 12:01:50] [INFO] [A0]   8                  -1  1    346112  ultralytics.nn.modules.block.C3k2            [256, 256, 1, True]           
[2026-03-17 12:01:50] [INFO] [A0]   9                  -1  1    164608  ultralytics.nn.modules.block.SPPF            [256, 256, 5]                 
[2026-03-17 12:01:50] [INFO] [A0]  10                  -1  1    249728  ultralytics.nn.modules.block.C2PSA           [256, 256, 1]                 
[2026-03-17 12:01:50] [INFO] [A0]  11                  -1  1         0  torch.nn.modules.upsampling.Upsample         [None, 2, 'nearest']          
[2026-03-17 12:01:50] [INFO] [A0]  12             [-1, 6]  1         0  ultralytics.nn.modules.conv.Concat           [1]                           
[2026-03-17 12:01:50] [INFO] [A0]  13                  -1  1    111296  ultralytics.nn.modules.block.C3k2            [384, 128, 1, False]          
[2026-03-17 12:01:50] [INFO] [A0]  14                  -1  1         0  torch.nn.modules.upsampling.Upsample         [None, 2, 'nearest']          
[2026-03-17 12:01:50] [INFO] [A0]  15             [-1, 4]  1         0  ultralytics.nn.modules.conv.Concat           [1]                           
[2026-03-17 12:01:50] [INFO] [A0]  16                  -1  1     32096  ultralytics.nn.modules.block.C3k2            [256, 64, 1, False]           
[2026-03-17 12:01:50] [INFO] [A0]  17                  -1  1     36992  ultralytics.nn.modules.conv.Conv             [64, 64, 3, 2]                
[2026-03-17 12:01:50] [INFO] [A0]  18            [-1, 13]  1         0  ultralytics.nn.modules.conv.Concat           [1]                           
[2026-03-17 12:01:50] [INFO] [A0]  19                  -1  1     86720  ultralytics.nn.modules.block.C3k2            [192, 128, 1, False]          
[2026-03-17 12:01:50] [INFO] [A0]  20                  -1  1    147712  ultralytics.nn.modules.conv.Conv             [128, 128, 3, 2]              
[2026-03-17 12:01:50] [INFO] [A0]  21            [-1, 10]  1         0  ultralytics.nn.modules.conv.Concat           [1]                           
[2026-03-17 12:01:50] [INFO] [A0]  22                  -1  1    378880  ultralytics.nn.modules.block.C3k2            [384, 256, 1, True]           
[2026-03-17 12:01:50] [INFO] [A0]  23        [16, 19, 22]  1    431452  ultralytics.nn.modules.head.Detect           [4, [64, 128, 256]]           
[2026-03-17 12:01:50] [INFO] [A0] A0_baseline summary: 181 layers, 2,590,620 parameters, 2,590,604 gradients, 6.4 GFLOPs
[2026-03-17 12:01:50] [INFO] [A0] 
[2026-03-17 12:01:50] [INFO] [A0] Freezing layer 'model.23.dfl.conv.weight'
[2026-03-17 12:01:50] [INFO] [A0] AMP: running Automatic Mixed Precision (AMP) checks...
[2026-03-17 12:01:50] [INFO] [A0] AMP: checks passed 
[2026-03-17 12:01:50] [INFO] [A0] train: Fast image access  (ping: 0.10.0 ms, read: 642.2328.0 MB/s, size: 60.8 KB)
[2026-03-17 12:01:50] [INFO] [A0] 
[2026-03-17 12:01:50] [INFO] [A0] train: Scanning B:\ultralytics\ProjectOptimization\datasets\african-wildlife\labels\train.cache... 1052 images, 0 backgrounds, 0 corrupt: 100% ━━━━━━━━━━━━ 1052/1052  0.0s
[2026-03-17 12:01:50] [INFO] [A0] train: Scanning B:\ultralytics\ProjectOptimization\datasets\african-wildlife\labels\train.cache... 1052 images, 0 backgrounds, 0 corrupt: 100% ━━━━━━━━━━━━ 1052/1052  0.0s
[2026-03-17 12:01:51] [WARN] 任务已手动停止
[2026-03-17 12:01:51] [INFO] 任务结束: ablation_run
